clave_municipio,clave_entidad,entidad,municipio,lista_nominal,total_votos,participacion,votos_shh,votos_fcm,votos_mc,votos_otros,pct_shh,pct_fcm,pct_mc,ventaja_shh
01001,01,Aguascalientes,Aguascalientes,732938,440900,60.1552,180350,210982,39834,9734,40.905,47.8526,9.0347,-6.9476
01002,01,Aguascalientes,Asientos,38773,25292,65.231,12499,10025,1986,782,49.4188,39.637,7.8523,9.7818
01003,01,Aguascalientes,Calvillo,50745,27261,53.7215,12738,11619,1902,1002,46.7261,42.6213,6.977,4.1048
01004,01,Aguascalientes,Cosio,12824,9333,72.7776,4723,3064,1218,328,50.6054,32.8297,13.0505,17.7757
01005,01,Aguascalientes,Jesus Maria,98765,58703,59.437,19663,32756,5084,1200,33.4957,55.7995,8.6605,-22.3038
01006,01,Aguascalientes,Pabellon de Arteaga,34527,21862,63.318600000000004,11550,7319,2463,530,52.8314,33.4782,11.2661,19.3532
01007,01,Aguascalientes,Rincon de Romos,41564,24090,57.9588,13625,7584,2168,713,56.5587,31.4819,8.9996,25.0768
01008,01,Aguascalientes,San Jose de Gracia,7778,5785,74.3764,2313,2024,1301,147,39.9827,34.987,22.4892,4.9957
01009,01,Aguascalientes,Tepezala,17460,12039,68.9519,5196,5843,643,357,43.1597,48.5339,5.341,-5.3742
01010,01,Aguascalientes,Llano--El,17010,11589,68.1305,7857,2948,550,234,67.797,25.4379,4.7459,42.3591
01011,01,Aguascalientes,San Francisco de los Romo,45230,27292,60.3405,13331,10950,2285,726,48.8458,40.1216,8.3724,8.7242
02001,02,Baja California,Ensenada,365882,187931,51.3638,119024,45234,19147,4526,63.3339,24.0695,10.1883,39.2644
02002,02,Baja California,Mexicali,866973,427625,49.3239,258026,118069,41747,9783,60.3393,27.6104,9.7625,32.7289
02003,02,Baja California,Tecate,97089,48555,50.0108,32664,9646,5002,1243,67.2722,19.8661,10.3017,47.4061
02004,02,Baja California,Tijuana,1644795,789508,48.0004,552733,141053,79684,16038,70.0098,17.8659,10.0929,52.1439
02005,02,Baja California,Playas de Rosarito,120655,53228,44.1159,37017,9101,5932,1178,69.5442,17.0981,11.1445,52.4461
02006,02,Baja California,San Quintin,87992,41247,46.8759,32246,4858,2707,1436,78.1778,11.7778,6.5629,66.4
02007,02,Baja California,San Felipe,15169,8974,59.1601,6457,1367,940,210,71.9523,15.2329,10.4747,56.7194
03001,03,Baja California Sur,Comondu,58393,30078,51.5096,18218,7125,3982,753,60.5692,23.6884,13.2389,36.8808
03002,03,Baja California Sur,Mulege,44771,26916,60.1193,16742,7963,1505,706,62.2009,29.5846,5.5915,32.6163
03003,03,Baja California Sur,Paz--La,228618,132439,57.9303,72042,44651,12893,2853,54.3964,33.7144,9.735,20.682
03008,03,Baja California Sur,Cabos--Los,268503,139966,52.1283,88049,37544,10887,3486,62.9074,26.8237,7.7783,36.0837
03009,03,Baja California Sur,Loreto,13530,10312,76.2158,5911,3654,552,195,57.3216,35.4344,5.353,21.8872
04001,04,Campeche,Calkini,32551,25583,78.5936,17819,2439,4887,438,69.6517,9.5337,19.1025,50.5492
04002,04,Campeche,Campeche,218185,144676,66.3089,67347,31216,43177,2936,46.5502,21.5765,29.8439,16.7063
04003,04,Campeche,Carmen,188137,111779,59.4136,80779,11905,16779,2316,72.2667,10.6505,15.0109,57.2558
04004,04,Campeche,Champoton,58657,35663,60.7992,24851,4226,5555,1031,69.6829,11.8498,15.5764,54.1065
04005,04,Campeche,Hecelchakan,24253,17673,72.8693,11347,663,5433,230,64.2053,3.7515,30.7418,33.4635
04006,04,Campeche,Hopelchen,30812,21930,71.1736,12441,6170,2945,374,56.7305,28.135,13.4291,28.5955
04007,04,Campeche,Palizada,7401,5845,78.9758,3980,1298,475,92,68.0924,22.207,8.1266,45.8854
04008,04,Campeche,Tenabo,8887,7231,81.366,3749,1759,1584,139,51.8462,24.3258,21.9057,27.5204
04009,04,Campeche,Escarcega,44630,24685,55.3103,17609,2575,3707,794,71.3348,10.4314,15.0172,56.3176
04010,04,Campeche,Calakmul,20986,13792,65.72,10495,1576,1232,489,76.0948,11.4269,8.9327,64.6679
04011,04,Campeche,Candelaria,36016,21549,59.8317,14360,2207,4217,765,66.6388,10.2418,19.5694,47.0694
04012,04,Campeche,Seybaplaya,12016,8874,73.8515,5778,1679,1231,186,65.1116,18.9204,13.872,46.1912
04013,04,Campeche,Dzitbalche,12180,9515,78.1199,4586,1674,3045,210,48.1976,17.5933,32.0021,16.1955
05001,05,Coahuila,Abasolo,1336,1100,82.3353,609,442,33,16,55.3636,40.1818,3,15.1818
05002,05,Coahuila,Acuña,130100,73904,56.8055,39559,28778,3505,2062,53.5275,38.9397,4.7426,14.5878
05003,05,Coahuila,Allende,19721,12514,63.4552,8103,3630,520,261,64.7515,29.0075,4.1553,35.744
05004,05,Coahuila,Arteaga,21306,15446,72.496,7361,7153,582,350,47.6564,46.3097,3.768,1.3467
05005,05,Coahuila,Candela,1631,1430,87.6763,516,540,324,50,36.0839,37.7622,22.6573,-1.6783
05006,05,Coahuila,Castaños,22662,15322,67.611,8705,5473,829,315,56.8137,35.7199,5.4105,21.0938
05007,05,Coahuila,Cuatrocienegas,9668,6798,70.3144,3066,3213,258,261,45.1015,47.2639,3.7952,-2.1624
05008,05,Coahuila,Escobedo,2571,1921,74.718,981,642,264,34,51.0672,33.4201,13.7428,17.6471
05009,05,Coahuila,Francisco I. Madero,45856,33085,72.1498,21734,9621,1159,571,65.6914,29.0796,3.5031,36.6118
05010,05,Coahuila,Frontera,63585,41658,65.5155,25383,13543,2114,618,60.9319,32.51,5.0747,28.4219
05011,05,Coahuila,General Cepeda,9817,7681,78.2418,3572,3543,253,313,46.5044,46.1268,3.2938,0.3776
05012,05,Coahuila,Guerrero,1890,1412,74.709,625,725,26,36,44.2635,51.3456,1.8414,-7.0821
05013,05,Coahuila,Hidalgo,1416,1104,77.9661,540,295,243,26,48.913,26.721,22.0109,22.192
05014,05,Coahuila,Jimenez,8917,5313,59.5828,2984,1800,345,184,56.1641,33.8792,6.4935,22.2849
05015,05,Coahuila,Juarez,1398,1064,76.1087,604,402,29,29,56.7669,37.782,2.7256,18.9849
05016,05,Coahuila,Lamadrid,1647,1336,81.1172,673,585,55,23,50.3743,43.7874,4.1168,6.5869
05017,05,Coahuila,Matamoros,87726,63004,71.8191,40920,19181,1765,1138,64.9483,30.4441,2.8014,34.5042
05018,05,Coahuila,Monclova,180878,118103,65.2943,55227,55180,5456,2240,46.7617,46.7219,4.6197,0.0398
05019,05,Coahuila,Morelos,7467,4738,63.4525,2814,1672,148,104,59.3921,35.2892,3.1237,24.1029
05020,05,Coahuila,Muzquiz,56546,37233,65.8455,20089,14719,1382,1043,53.9548,39.5321,3.7118,14.4227
05021,05,Coahuila,Nadadores,5124,3763,73.4387,2324,1277,112,50,61.7592,33.9357,2.9763,27.8235
05022,05,Coahuila,Nava,25730,15964,62.0443,11607,3462,591,304,72.7073,21.6863,3.7021,51.021
05023,05,Coahuila,Ocampo,7137,4124,57.7834,2395,1526,108,95,58.0747,37.0029,2.6188,21.0718
05024,05,Coahuila,Parras,34828,22917,65.8005,14156,6916,1223,622,61.7707,30.1785,5.3366,31.5922
05025,05,Coahuila,Piedras Negras,145084,89755,61.8642,49809,33992,4059,1895,55.4944,37.872,4.5223,17.6224
05026,05,Coahuila,Progreso,2998,2186,72.9153,1016,1080,42,48,46.4776,49.4053,1.9213,-2.9277
05027,05,Coahuila,Ramos Arizpe,84524,50789,60.0883,28502,17716,3664,907,56.1185,34.8816,7.2142,21.2369
05028,05,Coahuila,Sabinas,52742,33942,64.3548,20393,11046,1768,735,60.0819,32.5438,5.2089,27.5381
05029,05,Coahuila,Sacramento,2077,1794,86.3746,755,847,166,26,42.0847,47.2129,9.2531,-5.1282
05030,05,Coahuila,Saltillo,657406,419340,63.7871,212009,166205,33372,7754,50.5578,39.6349,7.9582,10.9229
05031,05,Coahuila,San Buenaventura,19603,13021,66.4235,7830,4469,541,181,60.1336,34.3215,4.1548,25.8121
05032,05,Coahuila,San Juan de Sabinas,34989,22975,65.6635,12830,8794,913,438,55.8433,38.2764,3.9739,17.5669
05033,05,Coahuila,San Pedro,75941,54828,72.1982,34377,17323,1392,1736,62.6997,31.5952,2.5388,31.1045
05034,05,Coahuila,Sierra Mojada,3624,2151,59.3543,1047,960,103,41,48.675,44.6304,4.7885,4.0446
05035,05,Coahuila,Torreon,550439,382226,69.4402,196057,161291,17666,7212,51.2935,42.1978,4.6219,9.0957
05036,05,Coahuila,Viesca,15470,11127,71.9263,6828,3919,187,193,61.3642,35.2206,1.6806,26.1436
05037,05,Coahuila,Villa Union,5694,3583,62.9259,1964,1274,258,87,54.8144,35.5568,7.2007,19.2576
05038,05,Coahuila,Zaragoza,11467,6738,58.7599,4103,2119,333,183,60.8934,31.4485,4.9421,29.4449
06001,06,Colima,Armeria,22278,12351,55.4403,8145,2123,1753,330,65.9461,17.1889,14.1932,48.7572
06002,06,Colima,Colima,134286,83914,62.489,38343,32914,10907,1750,45.6932,39.2235,12.9978,6.4697
06003,06,Colima,Comala,18087,11958,66.1138,5740,4334,1554,330,48.0013,36.2435,12.9955,11.7578
06004,06,Colima,Coquimatlan,16358,9602,58.6991,4797,3263,1283,259,49.9583,33.9825,13.3618,15.9758
06005,06,Colima,Cuauhtemoc,24951,15019,60.194,7791,5392,1545,291,51.8743,35.9012,10.287,15.9731
06006,06,Colima,Ixtlahuacan,5369,3978,74.092,2442,538,823,175,61.3876,13.5244,20.6888,40.6988
06007,06,Colima,Manzanillo,151625,86472,57.0302,54966,17636,11839,2031,63.5651,20.395,13.6911,43.1701
06008,06,Colima,Minatitlan,8460,6180,73.0496,3977,1425,577,201,64.3528,23.0583,9.3366,41.2945
06009,06,Colima,Tecoman,88610,45458,51.3012,28293,10142,5745,1278,62.2399,22.3107,12.638,39.9292
06010,06,Colima,Villa de Alvarez,114433,69704,60.9125,32966,25417,10039,1282,47.2943,36.4642,14.4023,10.8301
07001,07,Chiapas,Acacoyagua,13180,8307,63.0273,5865,1261,738,443,70.6031,15.18,8.8841,55.4231
07002,07,Chiapas,Acala,15920,10502,65.9673,8501,803,953,245,80.9465,7.6462,9.0745,71.872
07003,07,Chiapas,Acapetahua,21480,13698,63.7709,11678,982,733,305,85.2533,7.1689,5.3511,78.0844
07004,07,Chiapas,Altamirano,23034,11836,51.3849,8909,1291,589,1047,75.2704,10.9074,4.9763,64.363
07005,07,Chiapas,Amatan,16479,11954,72.5408,8180,1226,437,2111,68.429,10.256,3.6557,58.173
07006,07,Chiapas,Amatenango de la Frontera,21189,12325,58.167,7865,2679,916,865,63.8134,21.7363,7.432,42.0771
07007,07,Chiapas,Amatenango del Valle,7457,5579,74.8156,4491,516,173,399,80.4983,9.249,3.1009,71.2493
07008,07,Chiapas,Angel Albino Corzo,21815,10429,47.8066,6536,2275,849,769,62.6714,21.8142,8.1408,40.8572
07009,07,Chiapas,Arriaga,32044,18908,59.0064,14855,2105,1512,436,78.5646,11.1329,7.9966,67.4317
07010,07,Chiapas,Bejucal de Ocampo,6108,2336,38.2449,1092,1120,50,74,46.7466,47.9452,2.1404,-1.1986
07011,07,Chiapas,Bella Vista,13634,4252,31.1867,2387,1329,165,371,56.1383,31.2559,3.8805,24.8824
07012,07,Chiapas,Berriozabal,42278,22939,54.2575,16912,3072,2217,738,73.726,13.392,9.6648,60.334
07013,07,Chiapas,Bochil,26049,17997,69.089,12683,3192,1376,746,70.4729,17.7363,7.6457,52.7366
07014,07,Chiapas,Bosque--El,19168,12774,66.6423,5282,4922,478,2092,41.3496,38.5314,3.742,2.8182
07015,07,Chiapas,Cacahoatan,35965,25218,70.1182,19688,2572,2120,838,78.0712,10.1991,8.4067,67.8721
07016,07,Chiapas,Catazaja,13552,10645,78.5493,9870,390,257,128,92.7196,3.6637,2.4143,89.0559
07017,07,Chiapas,Cintalapa,66210,39663,59.9048,29077,5101,3554,1931,73.3101,12.860900000000001,8.9605,60.4492
07018,07,Chiapas,Coapilla,6866,5249,76.4492,3812,926,274,237,72.6234,17.6415,5.22,54.9819
07019,07,Chiapas,Comitan de Dominguez,118087,72430,61.3361,45031,15865,8553,2981,62.1718,21.9039,11.8086,40.2679
07020,07,Chiapas,Concordia--La,37010,15497,41.8725,9834,3239,1267,1157,63.4574,20.9008,8.1758,42.5566
07021,07,Chiapas,Copainala,16987,11695,68.8468,8447,1779,939,530,72.2274,15.2116,8.0291,57.0158
07022,07,Chiapas,Chalchihuitan,13678,10854,79.3537,8201,1924,281,448,75.5574,17.7262,2.5889,57.8312
07023,07,Chiapas,Chamula,74170,41489,55.9377,24930,12246,1705,2608,60.0882,29.5163,4.1095,30.5719
07024,07,Chiapas,Chanal,8793,6201,70.522,4076,778,263,1084,65.7313,12.5464,4.2413,53.1849
07025,07,Chiapas,Chapultenango,5389,4122,76.4891,3324,407,227,164,80.6405,9.8738,5.507,70.7667
07026,07,Chiapas,Chenalho,38109,25339,66.4909,15896,7927,635,881,62.7333,31.2838,2.506,31.4495
07027,07,Chiapas,Chiapa de Corzo,79884,53835,67.3915,41804,6084,4437,1510,77.6521,11.3012,8.2419,66.3509
07028,07,Chiapas,Chiapilla,5199,3977,76.4955,3002,313,273,389,75.484,7.8703,6.8645,67.6137
07029,07,Chiapas,Chicoasen,4660,3827,82.1245,2538,649,405,235,66.3183,16.9585,10.5827,49.3598
07031,07,Chiapas,Chilon,89329,68047,76.1757,61017,4274,1219,1537,89.6689,6.281,1.7914,83.3879
07032,07,Chiapas,Escuintla,23883,13654,57.1704,10293,1851,916,594,75.3845,13.5565,6.7087,61.828
07033,07,Chiapas,Francisco Leon,5324,4047,76.0143,3519,272,169,87,86.9533,6.721,4.1759,80.2323
07034,07,Chiapas,Frontera Comalapa,52223,42604,81.5809,33300,5879,2171,1254,78.1617,13.7992,5.0958,64.3625
07035,07,Chiapas,Frontera Hidalgo,10534,6850,65.0275,4942,914,682,312,72.146,13.3431,9.9562,58.8029
07036,07,Chiapas,Grandeza--La,5755,3247,56.4205,1639,1016,196,396,50.4774,31.2904,6.0363,19.187
07037,07,Chiapas,Huehuetan,29241,19446,66.5025,15390,1898,1464,694,79.1422,9.7604,7.5285,69.3818
07038,07,Chiapas,Huixtan,17760,13010,73.2545,10911,1054,472,573,83.8663,8.1015,3.628,75.7648
07039,07,Chiapas,Huitiupan,18748,15194,81.0433,11290,2230,530,1144,74.3056,14.6768,3.4882,59.6288
07040,07,Chiapas,Huixtla,40992,24644,60.119,18130,3642,2069,803,73.5676,14.7784,8.3956,58.7892
07041,07,Chiapas,Independencia--La,34340,24978,72.7373,20661,1761,1374,1182,82.7168,7.0502,5.5008,75.6666
07042,07,Chiapas,Ixhuatan,7556,5614,74.2986,3754,1512,215,133,66.8685,26.9327,3.8297,39.9358
07043,07,Chiapas,Ixtacomitan,7967,5823,73.089,4557,528,520,218,78.2586,9.0675,8.9301,69.1911
07044,07,Chiapas,Ixtapa,21157,16235,76.7358,13696,1202,897,440,84.3609,7.4038,5.5251,76.9571
07045,07,Chiapas,Ixtapangajoya,4898,3777,77.1131,3051,306,157,263,80.7784,8.1017,4.1567,72.6767
07046,07,Chiapas,Jiquipilas,33061,23547,71.2229,20334,1603,979,631,86.3549,6.8077,4.1576,79.5472
07047,07,Chiapas,Jitotol,15531,12107,77.9538,8007,2021,957,1122,66.1353,16.6928,7.9045,49.4425
07048,07,Chiapas,Juarez,16446,11377,69.1779,9186,1034,820,337,80.7418,9.0885,7.2075,71.6533
07049,07,Chiapas,Larrainzar,19194,12394,64.5723,5135,5959,357,943,41.4313,48.0797,2.8804,-6.6484
07050,07,Chiapas,Libertad--La,4625,4164,90.0324,3560,178,163,263,85.4947,4.2747,3.9145,81.22
07051,07,Chiapas,Mapastepec,34776,17773,51.1071,13571,2152,1509,541,76.3574,12.1083,8.4904,64.2491
07052,07,Chiapas,Margaritas--Las,97143,64414,66.3084,56010,3624,2496,2284,86.9531,5.6261,3.8749,81.327
07053,07,Chiapas,Mazapa de Madero,6435,4257,66.1538,1811,1777,377,292,42.5417,41.743,8.856,0.7987
07054,07,Chiapas,Mazatan,20854,13243,63.5034,10745,1179,1009,310,81.137200000000007,8.9028,7.6191,72.2344
07055,07,Chiapas,Metapa,5217,3657,70.0978,2507,619,378,153,68.5535,16.9264,10.3363,51.6271
07056,07,Chiapas,Mitontic,8812,5811,65.9442,3050,2249,168,344,52.4867,38.7025,2.8911,13.7842
07057,07,Chiapas,Motozintla,54481,30482,55.9498,18380,7713,2797,1592,60.2979,25.3035,9.1759,34.9944
07058,07,Chiapas,Nicolas Ruiz,3333,2688,80.6481,2657,2,3,26,98.8467,0.0744,0.1116,98.7351
07059,07,Chiapas,Ocosingo,166224,105772,63.6322,91867,6473,3949,3483,86.8538,6.1198,3.7335,80.734
07060,07,Chiapas,Ocotepec,9495,6931,72.9963,4037,2814,35,45,58.2456,40.6002,0.505,17.6454
07061,07,Chiapas,Ocozocoautla de Espinosa,69830,40211,57.5841,27637,5874,4553,2147,68.7299,14.6079,11.3228,54.122
07062,07,Chiapas,Ostuacan,13741,10150,73.8665,7229,1691,733,497,71.2217,16.6601,7.2217,54.5616
07063,07,Chiapas,Osumacinta,3307,2756,83.3384,1393,968,205,190,50.5443,35.1234,7.4383,15.4209
07064,07,Chiapas,Oxchuc,41488,17890,43.1209,12324,3563,743,1260,68.8876,19.9162,4.1532,48.9714
07065,07,Chiapas,Palenque,96307,65734,68.2546,59181,3088,2213,1252,90.031,4.6977,3.3666,85.3333
07067,07,Chiapas,Pantepec,9245,7286,78.8102,3825,1928,447,1086,52.4979,26.4617,6.1351,26.0362
07068,07,Chiapas,Pichucalco,24187,16230,67.1022,11742,2326,1517,645,72.3475,14.3315,9.3469,58.016
07069,07,Chiapas,Pijijiapan,38219,20181,52.8036,14881,3272,1411,617,73.7377,16.2133,6.9917,57.5244
07070,07,Chiapas,Porvenir--El,10510,6997,66.574700000000007,3128,3045,406,418,44.7049,43.5187,5.8025,1.1862
07071,07,Chiapas,Villa Comaltitlan,23295,14775,63.4256,12123,1180,1114,358,82.0508,7.9865,7.5398,74.0643
07072,07,Chiapas,Pueblo Nuevo Solistahuacan,18664,13473,72.1871,8850,2857,834,932,65.6869,21.2054,6.1902,44.4815
07073,07,Chiapas,Rayon,7208,6117,84.864,4403,631,595,488,71.9797,10.3155,9.727,61.6642
07074,07,Chiapas,Reforma,31935,21496,67.3117,16547,952,3299,698,76.9771,4.4287,15.347,61.6301
07075,07,Chiapas,Rosas--Las,20517,13770,67.1151,10616,1379,850,925,77.0951,10.0145,6.1728,67.0806
07076,07,Chiapas,Sabanilla,20850,16441,78.8537,14052,1603,378,408,85.4693,9.75,2.2991,75.7193
07077,07,Chiapas,Salto de Agua,46228,36370,78.6753,32836,1626,889,1019,90.2832,4.4707,2.4443,85.8125
07078,07,Chiapas,San Cristobal de las Casas,148744,86093,57.88,48354,19775,14378,3586,56.1648,22.9693,16.7005,33.1955
07079,07,Chiapas,San Fernando,29625,20749,70.0388,15081,2237,2403,1028,72.683,10.7812,11.5813,61.1017
07080,07,Chiapas,Siltepec,18925,11633,61.469,6690,3740,622,581,57.5088,32.1499,5.3469,25.3589
07081,07,Chiapas,Simojovel,36203,26026,71.8891,22160,1976,937,953,85.1456,7.5924,3.6002,77.5532
07082,07,Chiapas,Sitala,10856,9337,86.0077,8923,167,104,143,95.566,1.7886,1.1138,93.7774
07083,07,Chiapas,Socoltenango,14336,9988,69.6708,6618,2104,809,457,66.2595,21.0653,8.0997,45.1942
07084,07,Chiapas,Solosuchiapa,6417,4959,77.2791,3566,412,293,688,71.9097,8.3081,5.9084,63.6016
07085,07,Chiapas,Soyalo,8267,6224,75.2873,4450,961,277,536,71.4974,15.4402,4.4505,56.0572
07086,07,Chiapas,Suchiapa,19096,12567,65.8096,10361,815,1064,327,82.4461,6.4852,8.4666,73.9795
07087,07,Chiapas,Suchiate,25140,17803,70.8154,12794,2139,1709,1161,71.8643,12.0148,9.5995,59.8495
07088,07,Chiapas,Sunuapa,2126,1775,83.4901,775,597,344,59,43.662,33.6338,19.3803,10.0282
07089,07,Chiapas,Tapachula,245595,126387,51.4616,87292,24119,11163,3813,69.0672,19.0835,8.8324,49.9837
07090,07,Chiapas,Tapalapa,3729,2874,77.0716,1571,1057,142,104,54.6625,36.778,4.9408,17.8845
07091,07,Chiapas,Tapilula,9510,7250,76.2355,6146,536,376,192,84.7724,7.3931,5.1862,77.3793
07092,07,Chiapas,Tecpatan,16339,11523,70.5245,7464,2999,625,435,64.7748,26.0262,5.4239,38.7486
07093,07,Chiapas,Tenejapa,31813,23942,75.2585,14208,7276,821,1637,59.3434,30.3901,3.4291,28.9533
07094,07,Chiapas,Teopisca,31881,20634,64.7219,15538,2165,1575,1356,75.3029,10.4924,7.633,64.8105
07096,07,Chiapas,Tila,47781,34390,71.9742,22959,5448,3494,2489,66.7607,15.8418,10.1599,50.9189
07097,07,Chiapas,Tonala,72082,40033,55.5381,31073,4900,3153,907,77.6185,12.2399,7.876,65.3786
07098,07,Chiapas,Totolapa,5621,4571,81.32,2996,513,229,833,65.5436,11.2229,5.0098,54.3207
07099,07,Chiapas,Trinitaria--La,62716,43898,69.9949,37179,3236,2117,1366,84.6941,7.3716,4.8225,77.3225
07100,07,Chiapas,Tumbala,25538,19280,75.4953,16475,1177,657,971,85.4512,6.1048,3.4077,79.3464
07101,07,Chiapas,Tuxtla Gutierrez,467368,240265,51.4081,139138,64485,30475,6167,57.9102,26.8391,12.6839,31.0711
07102,07,Chiapas,Tuxtla Chico,32842,20508,62.4444,13317,4565,1732,894,64.9356,22.2596,8.4455,42.676
07103,07,Chiapas,Tuzantan,23326,14792,63.4142,11593,1733,1077,389,78.3734,11.7158,7.281,66.6576
07104,07,Chiapas,Tzimol,12678,9568,75.4693,5938,1448,1021,1161,62.061,15.1338,10.671,46.9272
07105,07,Chiapas,Union Juarez,12588,8952,71.1153,6269,825,1241,617,70.029,9.2158,13.8628,56.1662
07106,07,Chiapas,Venustiano Carranza,48266,23075,47.808,17945,2555,1478,1097,77.7681,11.0726,6.4052,66.6955
07107,07,Chiapas,Villa Corzo,48458,25319,52.2494,19927,2774,1710,908,78.7037,10.9562,6.7538,67.7475
07108,07,Chiapas,Villaflores,82858,56793,68.5426,41159,7781,5066,2787,72.472,13.7006,8.9201,58.7714
07109,07,Chiapas,Yajalon,29501,22419,75.994,16295,2344,1268,2512,72.6839,10.4554,5.6559,62.2285
07110,07,Chiapas,San Lucas,5370,3965,73.8361,3370,229,116,250,84.9937,5.7755,2.9256,79.2182
07111,07,Chiapas,Zinacantan,34274,30272,88.3235,5181,23589,969,533,17.1148,77.9235,3.201,-60.8087
07112,07,Chiapas,San Juan Cancuc,26629,17637,66.2323,5632,11123,229,653,31.9329,63.0663,1.2984,-31.1334
07113,07,Chiapas,Aldama,5069,2882,56.8554,905,1719,61,197,31.4018,59.6461,2.1166,-28.2443
07114,07,Chiapas,Benemerito de las Americas,13948,6765,48.5016,5409,723,270,363,79.9557,10.6874,3.9911,69.2683
07115,07,Chiapas,Maravilla Tenejapa,9490,6031,63.5511,4507,670,217,637,74.7306,11.1093,3.5981,63.6213
07116,07,Chiapas,Marques de Comillas,8525,6222,72.9853,5332,420,200,270,85.6959,6.7502,3.2144,78.9457
07117,07,Chiapas,Montecristo de Guerrero,6273,4591,73.1867,2047,1605,362,577,44.5872,34.9597,7.885,9.6275
07118,07,Chiapas,San Andres Duraznal,4003,3113,77.7667,1891,249,73,900,60.7453,7.9987,2.345,52.7466
07119,07,Chiapas,Santiago El Pinar,2985,1941,65.0251,1888,29,21,3,97.2694,1.4941,1.0819,95.7753
07120,07,Chiapas,Capitan Luis Angel Vidal,3030,2107,69.538,1329,521,115,142,63.0755,24.7271,5.458,38.3484
07121,07,Chiapas,Rincon Chamula San Pedro,5366,2027,37.7749,1805,75,66,81,89.0479,3.7,3.256,85.3479
07122,07,Chiapas,El Parral,12481,8991,72.0375,7255,786,606,344,80.6918,8.7421,6.7401,71.949700000000007
07123,07,Chiapas,Emiliano Zapata,9217,6497,70.4893,4937,694,618,248,75.9889,10.6819,9.5121,65.307
07124,07,Chiapas,Mezcalapa,17488,11756,67.2232,8361,1405,868,1122,71.1211,11.9513,7.3835,59.1698
07125,07,Chiapas,Honduras de la Sierra,6060,3418,56.4026,1732,1015,289,382,50.6729,29.6957,8.4552,20.9772
08001,08,Chihuahua,Ahumada,10165,6663,65.5485,3850,1880,703,230,57.7818,28.2155,10.5508,29.5663
08002,08,Chihuahua,Aldama,23317,12529,53.7333,6784,4145,1187,413,54.1464,33.0832,9.474,21.0632
08003,08,Chihuahua,Allende,7344,4914,66.9118,2529,1895,373,117,51.4652,38.5633,7.5906,12.9019
08004,08,Chihuahua,Aquiles Serdan,15706,7384,47.0139,3942,2583,618,241,53.3857,34.981,8.3694,18.4047
08005,08,Chihuahua,Ascension,20759,10223,49.2461,5429,2907,1446,441,53.1057,28.4359,14.1446,24.6698
08006,08,Chihuahua,Bachiniva,5894,3574,60.6379,1851,1376,169,178,51.7907,38.5003,4.7286,13.2904
08007,08,Chihuahua,Balleza,13759,6961,50.5923,1940,3444,822,755,27.8696,49.4757,11.8086,-21.6061
08008,08,Chihuahua,Batopilas,8045,4866,60.4848,2630,1561,77,598,54.0485,32.0797,1.5824,21.9688
08009,08,Chihuahua,Bocoyna,21579,13104,60.7257,4896,4776,2669,763,37.3626,36.4469,20.3678,0.9157
08010,08,Chihuahua,Buenaventura,20296,10190,50.2069,5116,4163,520,391,50.2061,40.8538,5.103,9.3523
08011,08,Chihuahua,Camargo,41165,24491,59.4947,7669,12608,3606,608,31.3135,51.4801,14.7238,-20.1666
08012,08,Chihuahua,Carichi,8013,5090,63.5218,2553,2070,106,361,50.1572,40.668,2.0825,9.4892
08013,08,Chihuahua,Casas Grandes,12176,6433,52.8334,3379,2154,631,269,52.526,33.4836,9.8088,19.0424
08014,08,Chihuahua,Coronado,1984,1607,80.998,451,855,246,55,28.0647,53.2047,15.308,-25.14
08015,08,Chihuahua,Coyame del Sotol,2290,1583,69.1266,656,863,33,31,41.4403,54.5167,2.0846,-13.0764
08016,08,Chihuahua,Cruz--La,3713,2401,64.6647,437,1387,500,77,18.2007,57.7676,20.8247,-39.5669
08017,08,Chihuahua,Cuauhtemoc,145083,70203,48.3882,31805,29589,6534,2275,45.3043,42.1478,9.3073,3.1565
08018,08,Chihuahua,Cusihuiriachi,5557,3005,54.0759,1030,1587,208,180,34.2762,52.812,6.9218,-18.5358
08019,08,Chihuahua,Chihuahua,755349,439402,58.1721,178428,215656,36977,8341,40.607,49.0794,8.4153,-8.4724
08020,08,Chihuahua,Chinipas,5070,3721,73.3925,2525,940,113,143,67.8581,25.262,3.0368,42.5961
08021,08,Chihuahua,Delicias,123936,68525,55.2906,33604,28048,5595,1278,49.039,40.931,8.1649,8.108
08022,08,Chihuahua,Dr. Belisario Dominguez,3270,1818,55.5963,1002,557,176,83,55.1155,30.6381,9.681,24.4774
08023,08,Chihuahua,Galeana,5561,2823,50.7643,846,1238,632,107,29.9681,43.8541,22.3875,-13.886
08024,08,Chihuahua,Santa Isabel,4665,2775,59.4855,619,1702,347,107,22.3063,61.3333,12.5045,-39.027
08025,08,Chihuahua,Gomez Farias,6854,3403,49.6498,1865,1145,208,185,54.8046,33.6468,6.1123,21.1578
08026,08,Chihuahua,Gran Morelos,3381,2064,61.047,578,750,621,115,28.0039,36.3372,30.0872,-8.3333
08027,08,Chihuahua,Guachochi,37596,20915,55.6309,9125,8779,1414,1597,43.629,41.9747,6.7607,1.6543
08028,08,Chihuahua,Guadalupe,4872,3139,64.4294,1974,734,249,182,62.8863,23.3832,7.9325,39.5031
08029,08,Chihuahua,Guadalupe y Calvo,33189,13574,40.8991,7350,5082,398,744,54.1476,37.4392,2.9321,16.7084
08030,08,Chihuahua,Guazapares,6954,4248,61.0871,2795,731,468,254,65.7957,17.2081,11.0169,48.5876
08031,08,Chihuahua,Guerrero,30790,16050,52.1273,8011,6360,999,680,49.9128,39.6262,6.2243,10.2866
08032,08,Chihuahua,Hidalgo del Parral,91289,54081,59.2415,21466,20879,10306,1430,39.6923,38.6069,19.0566,1.0854
08033,08,Chihuahua,Huejotitan,1558,1184,75.9949,800,222,136,26,67.5676,18.75,11.4865,48.8176
08034,08,Chihuahua,Ignacio Zaragoza,5385,3163,58.7372,1934,391,680,158,61.1445,12.3617,21.4986,39.6459
08035,08,Chihuahua,Janos,8854,4661,52.6429,2212,1753,533,163,47.4576,37.61,11.4353,9.8476
08036,08,Chihuahua,Jimenez,31073,18195,58.5557,9637,5974,2123,461,52.9651,32.8332,11.668,20.1319
08037,08,Chihuahua,Juarez,1249815,610107,48.8158,429006,110350,58388,12363,70.3165,18.087,9.5701,52.2295
08038,08,Chihuahua,Julimes,4997,2904,58.1149,819,1485,511,89,28.2025,51.1364,17.5964,-22.9339
08039,08,Chihuahua,Lopez,3676,2760,75.0816,1249,904,520,87,45.2536,32.7536,18.8406,12.5
08040,08,Chihuahua,Madera,20514,11714,57.1025,6268,3835,1084,527,53.5086,32.7386,9.2539,20.77
08041,08,Chihuahua,Maguarichi,1201,864,71.94,455,352,14,43,52.662,40.7407,1.6204,11.9213
08042,08,Chihuahua,Manuel Benavides,2271,1593,70.1453,857,246,428,62,53.7979,15.4426,26.8675,26.9304
08043,08,Chihuahua,Matachi,2630,1676,63.7262,811,637,164,64,48.389,38.0072,9.7852,10.3818
08044,08,Chihuahua,Matamoros,4126,2751,66.6747,1076,1407,190,78,39.113,51.145,6.9066,-12.032
08045,08,Chihuahua,Meoqui,37877,19470,51.4032,8161,8984,1843,482,41.9158,46.1428,9.4658,-4.227
08046,08,Chihuahua,Morelos,5350,2918,54.5421,2145,554,54,165,73.5093,18.9856,1.8506,54.5237
08047,08,Chihuahua,Moris,3681,1839,49.9593,1257,432,74,76,68.3524,23.491,4.0239,44.8614
08048,08,Chihuahua,Namiquipa,20665,9857,47.699,4298,4258,932,369,43.6035,43.1977,9.4552,0.4058
08049,08,Chihuahua,Nonoava,2918,2225,76.2509,1150,873,109,93,51.6854,39.236,4.8989,12.4494
08050,08,Chihuahua,Nuevo Casas Grandes,53863,28343,52.6205,15885,7744,3912,802,56.0456,27.3224,13.8023,28.7232
08051,08,Chihuahua,Ocampo,6496,2641,40.6558,1612,778,147,104,61.0375,29.4585,5.5661,31.579
08052,08,Chihuahua,Ojinaga,27154,13884,51.1306,5204,7686,619,375,37.482,55.3587,4.4584,-17.8767
08053,08,Chihuahua,Praxedis G. Guerrero,5690,3429,60.2636,1958,1160,189,122,57.1012,33.8291,5.5118,23.2721
08054,08,Chihuahua,Riva Palacio,7847,3509,44.7177,754,2588,103,64,21.4876,73.7532,2.9353,-52.2656
08055,08,Chihuahua,Rosales,14477,8564,59.1559,4111,3443,756,254,48.0033,40.2032,8.8277,7.8001
08056,08,Chihuahua,Rosario,2143,1336,62.3425,623,590,76,47,46.6317,44.1617,5.6886,2.47
08057,08,Chihuahua,San Francisco de Borja,2370,1643,69.3249,490,707,381,65,29.8235,43.031,23.1893,-13.2075
08058,08,Chihuahua,San Francisco de Conchos,2742,1845,67.2867,761,854,173,57,41.2466,46.2873,9.3767,-5.0407
08059,08,Chihuahua,San Francisco del Oro,4181,2885,69.0026,1766,636,402,81,61.2132,22.0451,13.9341,39.1681
08060,08,Chihuahua,Santa Barbara,8976,5949,66.2767,2523,2106,1135,185,42.4105,35.4009,19.0788,7.0096
08061,08,Chihuahua,Satevo,4269,2522,59.0771,989,1335,117,81,39.2149,52.9342,4.6392,-13.7193
08062,08,Chihuahua,Saucillo,25680,13769,53.6176,6550,5680,1232,307,47.5706,41.2521,8.9476,6.3185
08063,08,Chihuahua,Temosachi,5223,3145,60.2144,2047,850,134,114,65.0874,27.027,4.2607,38.0604
08064,08,Chihuahua,Tule--El,2648,1857,70.1284,1019,745,63,30,54.8735,40.1185,3.3926,14.755
08065,08,Chihuahua,Urique,14047,8698,61.9207,5038,3074,179,407,57.9214,35.3415,2.0579,22.5799
08066,08,Chihuahua,Uruachi,5021,3306,65.8435,1903,1153,60,190,57.562,34.876,1.8149,22.686
08067,08,Chihuahua,Valle de Zaragoza,4298,2428,56.4914,945,819,522,142,38.9209,33.7315,21.4992,5.1894
09002,09,Ciudad de México,Azcapotzalco,384044,279436,72.7615,152817,96515,25318,4786,54.6877,34.5392,9.0604,20.1485
09003,09,Ciudad de México,Coyoacan,572033,423533,74.04,200991,180771,33567,8204,47.4558,42.6817,7.9255,4.7741
09004,09,Ciudad de México,Cuajimalpa de Morelos,188127,138976,73.8735,68673,56332,11754,2217,49.4136,40.5336,8.4576,8.88
09005,09,Ciudad de México,Gustavo A. Madero,1056409,740970,70.1404,440519,219235,66614,14602,59.4517,29.5876,8.9901,29.8641
09006,09,Ciudad de México,Iztacalco,364050,257109,70.6246,143829,84398,24040,4842,55.9409,32.8258,9.3501,23.1151
09007,09,Ciudad de México,Iztapalapa,1526191,1019502,66.8004,681670,235799,81987,20046,66.863,23.1288,8.0419,43.7342
09008,09,Ciudad de México,Magdalena Contreras--La,212586,151498,71.2643,85179,50820,12599,2900,56.2245,33.545,8.3163,22.6795
09009,09,Ciudad de México,Milpa Alta,119673,79010,66.0216,54372,14307,8427,1904,68.8166,18.1078,10.6657,50.7088
09010,09,Ciudad de México,Alvaro Obregon,621011,442699,71.2868,232180,167785,34246,8488,52.4465,37.9005,7.7357,14.546
09011,09,Ciudad de México,Tlahuac,318695,209388,65.7017,139087,44567,21586,4148,66.4255,21.2844,10.3091,45.1411
09012,09,Ciudad de México,Tlalpan,629081,455333,72.3807,234188,176465,36164,8516,51.4322,38.7552,7.9423,12.677
09013,09,Ciudad de México,Xochimilco,368019,245145,66.612,148028,67924,24324,4869,60.3839,27.7077,9.9223,32.6762
09014,09,Ciudad de México,Benito Juarez,384081,297523,77.4636,89892,186310,16173,5148,30.2135,62.6204,5.4359,-32.4069
09015,09,Ciudad de México,Cuauhtemoc,493545,340089,68.9074,167294,137676,27883,7236,49.1912,40.4823,8.1987,8.7089
09016,09,Ciudad de México,Miguel Hidalgo,329179,242068,73.5369,100455,121561,16465,3587,41.4987,50.2177,6.8018,-8.719
09017,09,Ciudad de México,Venustiano Carranza,404600,285272,70.5072,156239,96687,26813,5533,54.7684,33.8929,9.3991,20.8755
10001,10,Durango,Canatlan,25739,13990,54.3533,8224,4437,974,355,58.7848,31.7155,6.9621,27.0693
10002,10,Durango,Canelas,3201,1691,52.8272,1234,363,55,39,72.9746,21.4666,3.2525,51.508
10003,10,Durango,Coneto de Comonfort,3435,1843,53.6536,1308,456,33,46,70.9712,24.7423,1.7906,46.2289
10004,10,Durango,Cuencame,26831,14061,52.4058,9405,3419,911,326,66.8871,24.3155,6.4789,42.5716
10005,10,Durango,Durango,520331,288303,55.4076,145508,108339,28692,5764,50.4705,37.5782,9.952,12.8923
10006,10,Durango,General Simon Bolivar,7680,4647,60.5078,2836,1571,142,98,61.0286,33.8068,3.0557,27.221800000000002
10007,10,Durango,Gomez Palacio,277216,160373,57.8513,104322,42811,10250,2990,65.0496,26.6946,6.3914,38.355
10008,10,Durango,Guadalupe Victoria,30920,16767,54.227,9696,5399,1213,459,57.8279,32.2002,7.2344,25.6277
10009,10,Durango,Guanacevi,7760,4442,57.2423,2433,1742,145,122,54.7726,39.2166,3.2643,15.556
10010,10,Durango,Hidalgo,3321,1888,56.8503,1138,638,68,44,60.2754,33.7924,3.6017,26.483
10011,10,Durango,Inde,4477,2397,53.5403,1322,921,67,87,55.1523,38.423,2.7952,16.7293
10012,10,Durango,Lerdo,117376,70430,60.0037,43607,21517,4028,1278,61.9154,30.5509,5.7192,31.3645
10013,10,Durango,Mapimi,19235,10399,54.0629,6458,3117,550,274,62.1021,29.974,5.289,32.1281
10014,10,Durango,Mezquital,35797,21945,61.304,12807,7909,289,940,58.3595,36.0401,1.3169,22.3194
10015,10,Durango,Nazas,10042,5682,56.5824,3888,1461,163,170,68.4266,25.7128,2.8687,42.7138
10016,10,Durango,Nombre de Dios,15701,8363,53.2641,5722,1883,525,233,68.4204,22.5158,6.2777,45.9046
10017,10,Durango,Ocampo,7046,3842,54.5274,2313,1300,129,100,60.203,33.8365,3.3576,26.3665
10018,10,Durango,Oro--El,10366,4994,48.1767,2877,1670,311,136,57.6091,33.4401,6.2275,24.169
10019,10,Durango,Otaez,4016,2142,53.3367,1618,397,72,55,75.5369,18.5341,3.3613,57.0028
10020,10,Durango,Panuco de Coronado,11286,5443,48.2279,2988,1994,305,156,54.8962,36.6342,5.6035,18.262
10021,10,Durango,Peñon Blanco,8730,4748,54.3872,2939,1409,273,127,61.8997,29.6757,5.7498,32.224
10022,10,Durango,Poanas,21186,10997,51.9069,6558,3289,824,326,59.6344,29.9082,7.493,29.7262
10023,10,Durango,Pueblo Nuevo,37008,20214,54.6206,12681,5970,1008,555,62.7337,29.534,4.9866,33.1997
10024,10,Durango,Rodeo,10449,5730,54.8378,3436,1843,307,144,59.9651,32.164,5.3578,27.8011
10025,10,Durango,San Bernardo,2641,1369,51.8364,829,463,24,53,60.5551,33.8203,1.7531,26.7348
10026,10,Durango,San Dimas,14099,6658,47.2232,4722,1479,297,160,70.9222,22.2139,4.4608,48.7083
10027,10,Durango,San Juan de Guadalupe,4476,2741,61.2377,1985,586,114,56,72.4188,21.3791,4.1591,51.0397
10028,10,Durango,San Juan del Rio,10361,5387,51.9931,3262,1761,202,162,60.5532,32.6898,3.7498,27.8634
10029,10,Durango,San Luis del Cordero,1960,1017,51.8878,679,289,28,21,66.765,28.4169,2.7532,38.3481
10030,10,Durango,San Pedro del Gallo,1416,830,58.6158,655,140,18,17,78.9157,16.8675,2.1687,62.0482
10031,10,Durango,Santa Clara,5340,3085,57.7715,1744,999,253,89,56.5316,32.3825,8.201,24.1491
10032,10,Durango,Santiago Papasquiaro,40755,22068,54.148,12300,7679,1433,656,55.7368,34.797,6.4936,20.9398
10033,10,Durango,Suchil,5714,3265,57.1404,2297,727,136,105,70.3522,22.2665,4.1654,48.0857
10034,10,Durango,Tamazula,17768,9687,54.5194,7314,1964,210,199,75.5033,20.2746,2.1679,55.2287
10035,10,Durango,Tepehuanes,11299,5067,44.8447,3448,1199,243,177,68.0482,23.6629,4.7957,44.3853
10036,10,Durango,Tlahualilo,15475,8621,55.7092,5887,2294,290,150,68.2867,26.6094,3.3639,41.6773
10037,10,Durango,Topia,6005,2718,45.2623,1928,569,145,76,70.9345,20.9345,5.3348,50
10038,10,Durango,Vicente Guerrero,19450,9675,49.7429,6216,2428,786,245,64.2481,25.0956,8.124,39.1525
10039,10,Durango,Nuevo Ideal,22895,8970,39.1789,4995,3159,563,253,55.6856,35.2174,6.2765,20.4682
11001,11,Guanajuato,Abasolo,71493,41845,58.5302,20244,16385,4287,929,48.3785,39.1564,10.245,9.2221
11002,11,Guanajuato,Acambaro,99600,50489,50.6918,27528,16328,5319,1314,54.5228,32.3397,10.535,22.1831
11003,11,Guanajuato,San Miguel de Allende,144259,81592,56.5594,36735,32308,9976,2573,45.0228,39.597,12.2267,5.4258
11004,11,Guanajuato,Apaseo El Alto,51751,27900,53.912,14174,8665,4240,821,50.8029,31.0573,15.1971,19.7456
11005,11,Guanajuato,Apaseo El Grande,75743,39192,51.7434,23481,10841,3852,1018,59.9127,27.6613,9.8285,32.2514
11006,11,Guanajuato,Atarjea,4535,3557,78.4344,1891,1305,252,109,53.1628,36.6882,7.0846,16.4746
11007,11,Guanajuato,Celaya,405796,235645,58.0698,119086,86399,26018,4142,50.5362,36.6649,11.0412,13.8713
11008,11,Guanajuato,Manuel Doblado,33899,19302,56.9397,6796,10126,1734,646,35.2088,52.4609,8.9835,-17.2521
11009,11,Guanajuato,Comonfort,64626,32689,50.5818,17376,10878,3565,870,53.1555,33.2772,10.9058,19.8783
11010,11,Guanajuato,Coroneo,9889,5949,60.1578,2362,2737,633,217,39.7042,46.0077,10.6404,-6.3035
11011,11,Guanajuato,Cortazar,79946,48712,60.9311,25205,12805,9667,1035,51.7429,26.2872,19.8452,25.4557
11012,11,Guanajuato,Cueramaro,25233,13697,54.2821,8046,4034,1257,360,58.7428,29.4517,9.1772,29.2911
11013,11,Guanajuato,Doctor Mora,20442,13028,63.7315,8009,3270,1465,284,61.4753,25.0998,11.245,36.3755
11014,11,Guanajuato,Dolores Hidalgo,124990,68680,54.9484,27300,29874,9203,2303,39.7496,43.4974,13.3998,-3.7478
11015,11,Guanajuato,Guanajuato,153684,93341,60.7357,41706,38645,10986,2004,44.6813,41.402,11.7697,3.2793
11016,11,Guanajuato,Huanimaro,17734,10969,61.8529,6313,3258,1211,187,57.5531,29.7019,11.0402,27.8512
11017,11,Guanajuato,Irapuato,463973,252395,54.3986,122375,99672,25434,4914,48.4855,39.4905,10.0771,8.995
11018,11,Guanajuato,Jaral del Progreso,30881,19150,62.0122,11638,4690,2463,359,60.7728,24.4909,12.8616,36.2819
11019,11,Guanajuato,Jerecuaro,42256,22467,53.1688,10915,8618,2030,904,48.5824,38.3585,9.0355,10.2239
11020,11,Guanajuato,Leon,1272183,770813,60.5898,291978,396911,67716,14208,37.8792,51.4925,8.785,-13.6133
11021,11,Guanajuato,Moroleon,47615,26079,54.7706,12124,8764,4444,747,46.4895,33.6056,17.0405,12.8839
11022,11,Guanajuato,Ocampo,19567,11119,56.8253,4818,5336,715,250,43.3312,47.9899,6.4304,-4.6587
11023,11,Guanajuato,Penjamo,133402,63752,47.7894,33989,22481,5543,1739,53.3144,35.2632,8.6946,18.0512
11024,11,Guanajuato,Pueblo Nuevo,11618,7715,66.4056,2555,3669,1301,190,33.1173,47.5567,16.8633,-14.4394
11025,11,Guanajuato,Purisima del Rincon,62490,34759,55.6233,11332,18618,4062,747,32.6016,53.5631,11.6862,-20.9615
11026,11,Guanajuato,Romita,50586,30342,59.981,14222,12807,2618,695,46.8723,42.2088,8.6283,4.6635
11027,11,Guanajuato,Salamanca,227017,127734,56.2663,74993,37139,13081,2521,58.7103,29.0753,10.2408,29.635
11028,11,Guanajuato,Salvatierra,86883,45175,51.9952,29652,10255,4267,1001,65.6381,22.7006,9.4455,42.9375
11029,11,Guanajuato,San Diego de la Union,30537,18633,61.0178,8773,7022,2309,529,47.0831,37.6858,12.392,9.3973
11030,11,Guanajuato,San Felipe,89274,45897,51.4114,23167,15364,5863,1503,50.4761,33.475,12.7743,17.0011
11031,11,Guanajuato,San Francisco del Rincon,101719,57728,56.7524,20345,31828,4476,1079,35.2429,55.1344,7.7536,-19.8915
11032,11,Guanajuato,San Jose Iturbide,68729,39771,57.8664,23255,8650,6785,1081,58.4723,21.7495,17.0602,36.7228
11033,11,Guanajuato,San Luis de la Paz,98828,53983,54.6232,23649,20624,7704,2006,43.8082,38.2046,14.2712,5.6036
11034,11,Guanajuato,Santa Catarina,4982,3398,68.2055,1320,1721,260,97,38.8464,50.6474,7.6516,-11.801
11035,11,Guanajuato,Santa Cruz de Juventino Rosas,65855,40568,61.602,20227,13627,5164,1550,49.8595,33.5905,12.7292,16.269
11036,11,Guanajuato,Santiago Maravatio,6901,4524,65.5557,2576,1523,347,78,56.9408,33.6649,7.6702,23.2759
11037,11,Guanajuato,Silao,153530,80624,52.5135,43787,25173,10007,1657,54.3101,31.2227,12.4119,23.0874
11038,11,Guanajuato,Tarandacuao,11369,6300,55.4138,2676,2833,632,159,42.4762,44.9683,10.0317,-2.4921
11039,11,Guanajuato,Tarimoro,32362,18240,56.3624,10352,5746,1612,530,56.7544,31.5022,8.8377,25.2522
11040,11,Guanajuato,Tierra Blanca,15023,11242,74.8319,7818,2303,910,211,69.5428,20.4857,8.0946,49.0571
11041,11,Guanajuato,Uriangato,54325,30233,55.6521,18181,8083,3289,680,60.1363,26.7357,10.8788,33.4006
11042,11,Guanajuato,Valle de Santiago,122822,60331,49.1207,37619,15310,5909,1493,62.3543,25.3767,9.7943,36.9776
11043,11,Guanajuato,Victoria,16528,10699,64.7326,6497,3135,820,247,60.7253,29.3018,7.6643,31.4235
11044,11,Guanajuato,Villagran,50956,31415,61.6512,18547,8611,3789,468,59.0387,27.4105,12.0611,31.6282
11045,11,Guanajuato,Xichu,9013,5872,65.1503,2527,2587,527,231,43.0347,44.0565,8.9748,-1.0218
11046,11,Guanajuato,Yuriria,66803,32333,48.4005,19032,8956,3437,908,58.8625,27.6993,10.63,31.1632
12001,12,Guerrero,Acapulco de Juarez,600653,319897,53.2582,257029,38886,17378,6604,80.3474,12.1558,5.4324,68.1916
12002,12,Guerrero,Ahuacuotzingo,19934,13163,66.0329,7216,4321,1156,470,54.8203,32.8269,8.7822,21.9934
12003,12,Guerrero,Ajuchitlan del Progreso,26790,17008,63.4864,13106,3073,418,411,77.0579,18.068,2.4577,58.9899
12004,12,Guerrero,Alcozauca de Guerrero,15357,9376,61.0536,5382,2349,176,1469,57.4019,25.0533,1.8771,32.3486
12005,12,Guerrero,Alpoyeca,5733,3969,69.2308,3392,219,170,188,85.4623,5.5178,4.2832,79.9445
12006,12,Guerrero,Apaxtla,7950,4773,60.0377,3452,839,365,117,72.3235,17.578,7.6472,54.7455
12007,12,Guerrero,Arcelia,23969,14681,61.2499,11729,2091,469,392,79.8924,14.2429,3.1946,65.6495
12008,12,Guerrero,Atenango del Rio,6902,4619,66.9226,4049,303,210,57,87.6597,6.5599,4.5464,81.0998
12009,12,Guerrero,Atlamajalcingo del Monte,4631,3154,68.1062,2567,380,81,126,81.3887,12.0482,2.5682,69.3405
12010,12,Guerrero,Atlixtac,19714,12399,62.8944,8994,2575,227,603,72.5381,20.7678,1.8308,51.7703
12011,12,Guerrero,Atoyac de Alvarez,46038,24403,53.0062,19152,3592,871,788,78.4822,14.7195,3.5692,63.7627
12012,12,Guerrero,Ayutla de los Libres,39822,17548,44.0661,13793,2249,587,919,78.6016,12.8163,3.3451,65.7853
12013,12,Guerrero,Azoyu,11033,7759,70.3254,5913,1454,151,241,76.2083,18.7395,1.9461,57.4688
12014,12,Guerrero,Benito Juarez,12422,8731,70.2866,6819,1313,430,169,78.101,15.0384,4.925,63.0626
12015,12,Guerrero,Buenavista de Cuellar,10508,6924,65.8927,4004,1890,849,181,57.8278,27.2964,12.2617,30.5314
12016,12,Guerrero,Coahuayutla de Jose Maria Izazaga,8716,5199,59.6489,4303,803,41,52,82.7659,15.4453,0.7886,67.3206
12017,12,Guerrero,Cocula,12482,7783,62.3538,4949,2211,431,192,63.5873,28.4081,5.5377,35.1792
12018,12,Guerrero,Copala,11146,7040,63.1617,6099,510,205,226,86.6335,7.2443,2.9119,79.3892
12019,12,Guerrero,Copalillo,12208,8143,66.7022,6210,1130,307,496,76.2618,13.8769,3.7701,62.3849
12020,12,Guerrero,Copanatoyac,14758,9813,66.4927,5681,3167,487,478,57.8926,32.2735,4.9628,25.6191
12021,12,Guerrero,Coyuca de Benitez,54393,27999,51.4754,23077,3437,788,697,82.4208,12.2754,2.8144,70.1454
12022,12,Guerrero,Coyuca de Catalan,30063,16045,53.3713,11263,3594,536,652,70.1963,22.3995,3.3406,47.7968
12023,12,Guerrero,Cuajinicuilapa,13462,8051,59.8054,6998,740,168,145,86.9209,9.1914,2.0867,77.7295
12024,12,Guerrero,Cualac,5835,4103,70.3171,3181,657,118,147,77.5286,16.0127,2.8759,61.5159
12025,12,Guerrero,Cuautepec,12324,9066,73.5638,7835,953,146,132,86.4218,10.5118,1.6104,75.91
12026,12,Guerrero,Cuetzala del Progreso,6306,3982,63.1462,2538,1224,131,89,63.7368,30.7383,3.2898,32.9985
12027,12,Guerrero,Cutzamala de Pinzon,17440,10042,57.5803,8185,1430,352,75,81.5077,14.2402,3.5053,67.2675
12028,12,Guerrero,Chilapa de Alvarez,93790,48972,52.2145,25621,18978,1900,2473,52.3177,38.7528,3.8798,13.5649
12029,12,Guerrero,Chilpancingo de los Bravo,210462,116365,55.2903,74179,25681,13517,2988,63.7468,22.0694,11.616,41.6774
12030,12,Guerrero,Florencio Villarreal,16246,11080,68.2014,8654,1612,440,374,78.1047,14.5487,3.9711,63.556
12031,12,Guerrero,General Canuto A. Neri,4436,2880,64.9234,1278,162,1373,67,44.375,5.625,47.6736,-3.2986
12032,12,Guerrero,General Heliodoro Castillo,23299,10854,46.5857,8526,1640,281,407,78.5517,15.1096,2.5889,63.4421
12033,12,Guerrero,Huamuxtitlan,12372,8310,67.1678,6146,499,1424,241,73.9591,6.0048,17.136,56.8231
12034,12,Guerrero,Huitzuco de los Figueroa,30586,17513,57.2582,10842,3179,2970,522,61.9083,18.1522,16.9588,43.756100000000004
12035,12,Guerrero,Iguala de la Independencia,115911,65970,56.9144,44925,13915,5752,1378,68.0991,21.0929,8.7191,47.0062
12036,12,Guerrero,Igualapa,8812,6358,72.1516,4978,825,268,287,78.2951,12.9758,4.2152,65.3193
12037,12,Guerrero,Ixcateopan de Cuauhtemoc,5424,3519,64.8783,2003,1164,186,166,56.9196,33.0776,5.2856,23.842
12038,12,Guerrero,Zihuatanejo de Azueta,99924,59709,59.7544,43688,11199,3166,1656,73.1682,18.756,5.3024,54.4122
12039,12,Guerrero,Juan R. Escudero,18735,11663,62.2525,8455,1447,1327,434,72.4942,12.4068,11.3779,60.0874
12040,12,Guerrero,Leonardo Bravo,17918,10558,58.924,7161,2463,576,358,67.8253,23.3283,5.4556,44.497
12041,12,Guerrero,Malinaltepec,16234,10952,67.4633,9846,500,227,379,89.9014,4.5654,2.0727,85.336
12042,12,Guerrero,Martir de Cuilapan,14825,9420,63.5413,4870,2887,1192,471,51.6985,30.6476,12.6539,21.0509
12043,12,Guerrero,Metlatonoc,14144,8433,59.6225,5750,1103,1123,457,68.1845,13.0796,13.3167,54.8678
12044,12,Guerrero,Mochitlan,9328,5533,59.316,4072,894,320,247,73.5948,16.1576,5.7835,57.4372
12045,12,Guerrero,Olinala,20948,14704,70.1929,8232,5281,703,488,55.9848,35.9154,4.781,20.0694
12046,12,Guerrero,Ometepec,49499,35530,71.7792,25860,7536,1083,1051,72.7836,21.2102,3.0481,51.5734
12047,12,Guerrero,Pedro Ascencio Alquisiras,4826,3095,64.1318,1185,1672,115,123,38.2876,54.0226,3.7157,-15.735
12048,12,Guerrero,Petatlan,32966,16834,51.0647,13539,2108,753,434,80.4265,12.5223,4.4731,67.9042
12049,12,Guerrero,Pilcaya,9457,6758,71.4603,4143,1866,608,141,61.3051,27.6117,8.9967,33.6934
12050,12,Guerrero,Pungarabato,29755,15378,51.6821,10184,4053,655,486,66.2245,26.3558,4.2593,39.8687
12051,12,Guerrero,Quechultenango,24835,13448,54.1494,5469,7091,301,587,40.6678,52.729,2.2383,-12.0612
12052,12,Guerrero,San Luis Acatlan,32432,19765,60.9429,14920,1970,1985,890,75.487,9.9671,10.043,65.444
12053,12,Guerrero,San Marcos,30312,17941,59.1878,13777,2929,555,680,76.7906,16.3257,3.0935,60.4649
12054,12,Guerrero,San Miguel Totolapan,14253,13469,94.4994,12546,573,126,224,93.1472,4.2542,0.9355,88.893
12055,12,Guerrero,Taxco de Alarcon,79870,44764,56.0461,24422,12938,5973,1431,54.5572,28.9027,13.3433,25.6545
12056,12,Guerrero,Tecoanapa,33002,22892,69.3655,14986,2616,4318,972,65.4639,11.4276,18.8625,46.6014
12057,12,Guerrero,Tecpan de Galeana,50603,30020,59.3245,24196,3777,1305,742,80.5996,12.5816,4.3471,68.018
12058,12,Guerrero,Teloloapan,39299,20937,53.2762,14587,3772,1295,1283,69.6709,18.016,6.1852,51.6549
12059,12,Guerrero,Tepecoacuilco de Trujano,25048,15321,61.1666,8963,3854,2046,458,58.5014,25.155,13.3542,33.3464
12060,12,Guerrero,Tetipac,9771,6155,62.9925,3775,1622,500,258,61.3323,26.3526,8.1235,34.9797
12061,12,Guerrero,Tixtla de Guerrero,32948,19086,57.9276,14189,3102,1151,644,74.3424,16.2528,6.0306,58.0896
12062,12,Guerrero,Tlacoachistlahuaca,16684,10839,64.9664,9624,744,188,283,88.7905,6.8641,1.7345,81.9264
12063,12,Guerrero,Tlacoapa,6754,4943,73.1863,4066,472,231,174,82.2577,9.5489,4.6733,72.7088
12064,12,Guerrero,Tlalchapa,9727,6067,62.3728,5421,432,119,95,89.3522,7.1205,1.9614,82.2317
12065,12,Guerrero,Tlalixtaquilla de Maldonado,5732,3752,65.4571,2557,303,770,122,68.1503,8.0757,20.5224,47.6279
12066,12,Guerrero,Tlapa de Comonfort,67902,41594,61.2559,29528,7973,2065,2028,70.991,19.1686,4.9647,51.8224
12067,12,Guerrero,Tlapehuala,17056,11125,65.2263,8935,1651,378,161,80.3146,14.8404,3.3978,65.4742
12068,12,Guerrero,Union de Isidoro Montes de Oca--La,21830,15328,70.2153,9946,4620,361,401,64.8878,30.1409,2.3552,34.7469
12069,12,Guerrero,Xalpatlahuac,10145,6634,65.3918,3008,1759,1350,517,45.3422,26.5149,20.3497,18.8273
12070,12,Guerrero,Xochihuehuetlan,5968,3825,64.0918,2916,593,143,173,76.2353,15.5033,3.7386,60.732
12071,12,Guerrero,Xochistlahuaca,21765,15449,70.9809,9319,5331,339,460,60.3211,34.5071,2.1943,25.814
12072,12,Guerrero,Zapotitlan Tablas,7678,5402,70.3569,3840,840,419,303,71.0848,15.5498,7.7564,55.535
12073,12,Guerrero,Zirandaro,13936,8571,61.5026,5462,2579,288,242,63.7265,30.0898,3.3602,33.6367
12074,12,Guerrero,Zitlala,16412,10469,63.7887,4833,4924,269,443,46.1649,47.0341,2.5695,-0.8692
12075,12,Guerrero,Eduardo Neri,38955,24063,61.7713,18034,2853,2463,713,74.9449,11.8564,10.2356,63.0885
12076,12,Guerrero,Acatepec,24372,18770,77.0146,10802,7454,169,345,57.5493,39.7123,0.9004,17.837
12077,12,Guerrero,Marquelia,10149,6799,66.9918,5837,589,239,134,85.8509,8.663,3.5152,77.1879
12078,12,Guerrero,Cochoapa El Grande,15760,9942,63.0838,7262,1232,298,1150,73.0437,12.3919,2.9974,60.6518
12079,12,Guerrero,Jose Joaquin de Herrera,11880,8224,69.2256,4627,3173,116,308,56.2622,38.5822,1.4105,17.68
12080,12,Guerrero,Juchitan,5690,3737,65.6766,2842,489,273,133,76.0503,13.0854,7.3053,62.9649
12081,12,Guerrero,Iliatenco,7781,5129,65.917,3280,623,946,280,63.9501,12.1466,18.4441,45.506
12082,12,Guerrero,Las Vigas,7166,3969,55.3865,2991,605,178,195,75.359,15.2431,4.4848,60.1159
12083,12,Guerrero,Ñuu Savi,7596,3788,49.8684,2775,610,65,338,73.2577,16.1035,1.7159,57.1542
12084,12,Guerrero,Santa Cruz del Rincon,4960,3225,65.0202,2543,231,209,242,78.8527,7.1628,6.4806,71.6899
12085,12,Guerrero,San Nicolas,5088,2956,58.0975,2578,127,135,116,87.2124,4.2963,4.567,82.6454
13001,13,Hidalgo,Acatlan,17870,11085,62.0313,7507,2221,1034,323,67.7221,20.0361,9.3279,47.686
13002,13,Hidalgo,Acaxochitlan,33593,17339,51.6149,11950,3216,1537,636,68.9198,18.5478,8.8644,50.372
13003,13,Hidalgo,Actopan,49026,31396,64.0395,20753,5565,4365,713,66.1008,17.7252,13.903,48.3756
13004,13,Hidalgo,Agua Blanca de Iturbide,8048,5810,72.1918,3002,1963,657,188,51.6695,33.7866,11.3081,17.8829
13005,13,Hidalgo,Ajacuba,14659,10134,69.1316,7474,1243,1238,179,73.7517,12.2656,12.2163,61.4861
13006,13,Hidalgo,Alfajayucan,15869,10551,66.4881,8133,1383,814,221,77.0827,13.1078,7.7149,63.9749
13007,13,Hidalgo,Almoloya,9868,6526,66.133,4109,1535,580,302,62.9635,23.5213,8.8875,39.4422
13008,13,Hidalgo,Apan,36630,22547,61.5534,15363,4320,2414,450,68.1377,19.16,10.7065,48.9777
13009,13,Hidalgo,Arenal--El,15198,10354,68.1274,7391,1891,870,202,71.383,18.2635,8.4025,53.1195
13010,13,Hidalgo,Atitalaquia,23170,15945,68.8174,11686,2346,1590,323,73.2894,14.7131,9.9718,58.5763
13011,13,Hidalgo,Atlapexco,15604,11791,75.564,9978,759,587,467,84.6239,6.4371,4.9784,78.1868
13012,13,Hidalgo,Atotonilco El Grande,24769,14999,60.5555,10760,2502,1388,349,71.7381,16.6811,9.254,55.057
13013,13,Hidalgo,Atotonilco de Tula,41982,27871,66.388,20751,3159,3359,602,74.4537,11.3344,12.052,62.4017
13014,13,Hidalgo,Calnali,12981,10350,79.7319,8984,745,381,240,86.8019,7.1981,3.6812,79.6038
13015,13,Hidalgo,Cardonal,15164,10240,67.5284,8111,687,1104,338,79.209,6.709,10.7812,68.4278
13016,13,Hidalgo,Cuautepec de Hinojosa,46252,21634,46.7742,14984,3805,2354,491,69.2613,17.5881,10.881,51.6732
13017,13,Hidalgo,Chapantongo,10523,7993,75.9574,5468,1471,850,204,68.4099,18.4036,10.6343,50.0063
13018,13,Hidalgo,Chapulhuacan,17250,10659,61.7913,6121,3377,633,528,57.4256,31.6821,5.9386,25.7435
13019,13,Hidalgo,Chilcuautla,14618,9958,68.1215,7040,1162,1443,313,70.6969,11.669,14.4909,56.206
13020,13,Hidalgo,Eloxochitlan,2862,2335,81.5863,2102,123,82,28,90.0214,5.2677,3.5118,84.7537
13021,13,Hidalgo,Emiliano Zapata,12125,8076,66.6062,5768,1115,1059,134,71.4215,13.8063,13.1129,57.6152
13022,13,Hidalgo,Epazoyucan,13294,8522,64.1041,5360,1867,1112,183,62.896,21.908,13.0486,40.988
13023,13,Hidalgo,Francisco I. Madero,29325,19613,66.8815,14658,3187,1425,343,74.7361,16.2494,7.2656,58.4867
13024,13,Hidalgo,Huasca de Ocampo,15194,9355,61.5704,6870,1532,708,245,73.4367,16.3763,7.5681,57.0604
13025,13,Hidalgo,Huautla,16136,11691,72.4529,10106,800,507,278,86.4426,6.8429,4.3367000000000004,79.5997
13026,13,Hidalgo,Huazalingo,9716,7459,76.7703,5353,1508,332,266,71.7657,20.2172,4.451,51.5485
13027,13,Hidalgo,Huehuetla,17686,12759,72.1418,7416,1244,3640,459,58.1237,9.75,28.5289,29.5948
13028,13,Hidalgo,Huejutla de Reyes,96992,59894,61.7515,46497,7256,3804,2337,77.6322,12.1147,6.3512,65.5175
13029,13,Hidalgo,Huichapan,37179,23867,64.1948,14489,6287,2535,556,60.7073,26.3418,10.6214,34.3655
13030,13,Hidalgo,Ixmiquilpan,76299,47019,61.6247,35964,6108,3949,998,76.4882,12.9905,8.3987,63.4977
13031,13,Hidalgo,Jacala de Ledezma,9911,6744,68.0456,4592,1641,306,205,68.0902,24.3327,4.5374,43.7575
13032,13,Hidalgo,Jaltocan,7986,5766,72.2014,3723,1221,585,237,64.5682,21.1759,10.1457,43.3923
13033,13,Hidalgo,Juarez Hidalgo,2666,2090,78.3946,1280,628,135,47,61.244,30.0478,6.4593,31.1962
13034,13,Hidalgo,Lolotla,7167,5279,73.657,3312,1493,290,184,62.7392,28.2819,5.4935,34.4573
13035,13,Hidalgo,Metepec,9959,7157,71.8646,4354,1373,1193,237,60.8355,19.184,16.669,41.6515
13036,13,Hidalgo,San Agustin Metzquititlan,7911,5579,70.5221,4505,568,406,100,80.7492,10.181,7.2773,70.5682
13037,13,Hidalgo,Metztitlan,17335,11933,68.8376,7981,2908,651,393,66.8818,24.3694,5.4555,42.5124
13038,13,Hidalgo,Mineral del Chico,7626,5265,69.0401,2800,1754,562,149,53.1814,33.3143,10.6743,19.8671
13039,13,Hidalgo,Mineral del Monte,11744,7919,67.4302,5635,1263,862,159,71.158,15.949,10.8852,55.209
13040,13,Hidalgo,Mision--La,8150,5615,68.8957,3013,2124,223,255,53.6598,37.8272,3.9715,15.8326
13041,13,Hidalgo,Mixquiahuala de Juarez,35464,24505,69.0982,16004,4101,3862,538,65.3091,16.7354,15.76,48.5737
13042,13,Hidalgo,Molango de Escamilla,8426,6157,73.0714,4441,588,919,209,72.1293,9.5501,14.9261,57.2032
13043,13,Hidalgo,Nicolas Flores,5430,3903,71.8785,2514,1180,131,78,64.412,30.2332,3.3564,34.1788
13044,13,Hidalgo,Nopala de Villagran,12175,8317,68.3121,4452,2436,1154,275,53.5289,29.2894,13.8752,24.2395
13045,13,Hidalgo,Omitlan de Juarez,7749,5220,67.3635,3628,1088,380,124,69.5019,20.8429,7.2797,48.659
13046,13,Hidalgo,San Felipe Orizatlan,29466,20154,68.3975,15454,3099,898,703,76.6796,15.3766,4.4557,61.303
13047,13,Hidalgo,Pacula,4259,2938,68.9833,1802,926,122,88,61.3342,31.518,4.1525,29.8162
13048,13,Hidalgo,Pachuca de Soto,248577,164279,66.0878,93489,48989,18918,2883,56.9087,29.8206,11.5158,27.0881
13049,13,Hidalgo,Pisaflores,13712,8583,62.5948,5299,2639,296,349,61.7383,30.7468,3.4487,30.9915
13050,13,Hidalgo,Progreso de Obregon,19237,13023,67.6977,8528,2852,1426,217,65.4841,21.8997,10.9499,43.5844
13051,13,Hidalgo,Mineral de la Reforma,149695,94577,63.1798,56472,22628,13723,1754,59.7101,23.9255,14.5099,35.7846
13052,13,Hidalgo,San Agustin Tlaxiaca,27386,18465,67.425,12128,2741,3184,412,65.681,14.8443,17.2434,48.4376
13053,13,Hidalgo,San Bartolo Tutotepec,13626,9599,70.4462,5895,2795,443,466,61.4126,29.1176,4.6151,32.295
13054,13,Hidalgo,San Salvador,28057,18498,65.9301,14224,2453,1507,314,76.8948,13.2609,8.1468,63.6339
13055,13,Hidalgo,Santiago de Anaya,14066,9185,65.2993,6602,1117,1161,305,71.8781,12.1611,12.6402,59.2379
13056,13,Hidalgo,Santiago Tulantepec de Lugo Guerrero,28847,17214,59.6734,10991,3851,1979,393,63.8492,22.3713,11.4965,41.4779
13057,13,Hidalgo,Singuilucan,13768,9614,69.8286,6117,2066,1141,290,63.626,21.4895,11.8681,42.1365
13058,13,Hidalgo,Tasquillo,15330,8906,58.0952,6832,1068,755,251,76.7123,11.9919,8.4774,64.7204
13059,13,Hidalgo,Tecozautla,29419,17488,59.4446,11681,3552,1757,498,66.7944,20.3111,10.0469,46.4833
13060,13,Hidalgo,Tenango de Doria,13080,8546,65.3364,5335,809,2036,366,62.4269,9.4664,23.824,38.6029
13061,13,Hidalgo,Tepeapulco,47013,30362,64.5821,20343,5627,3805,587,67.0015,18.533,12.5321,48.4685
13062,13,Hidalgo,Tepehuacan de Guerrero,21385,14881,69.5862,8393,5645,392,451,56.4008,37.9343,2.6342,18.4665
13063,13,Hidalgo,Tepeji del Rio de Ocampo,69045,44100,63.8714,33374,6182,3853,691,75.678,14.0181,8.737,61.6599
13064,13,Hidalgo,Tepetitlan,8469,6126,72.3344,4232,1176,603,115,69.0826,19.1969,9.8433,49.8857
13065,13,Hidalgo,Tetepango,9564,7109,74.3308,5917,608,498,86,83.2325,8.5525,7.0052,74.68
13066,13,Hidalgo,Villa de Tezontepec,10463,6949,66.415,4606,1133,1036,174,66.2829,16.3045,14.9086,49.9784
13067,13,Hidalgo,Tezontepec de Aldama,40536,29137,71.8793,19664,6111,2729,633,67.4881,20.9733,9.3661,46.5148
13068,13,Hidalgo,Tianguistengo,11534,8962,77.7007,7924,518,273,247,88.4178,5.78,3.0462,82.6378
13069,13,Hidalgo,Tizayuca,122819,70857,57.6922,46082,15349,8207,1219,65.0352,21.6619,11.5825,43.3733
13070,13,Hidalgo,Tlahuelilpan,14383,9960,69.2484,7480,1242,1083,155,75.1004,12.4699,10.8735,62.6305
13071,13,Hidalgo,Tlahuiltepa,7393,5075,68.646,3989,778,190,118,78.601,15.33,3.7438,63.271
13072,13,Hidalgo,Tlanalapa,9059,6588,72.7233,4639,1137,707,105,70.4159,17.2587,10.7316,53.1572
13073,13,Hidalgo,Tlanchinol,27036,19362,71.6156,11792,5267,1342,961,60.9028,27.2028,6.9311,33.7
13074,13,Hidalgo,Tlaxcoapan,23158,17206,74.2983,12732,2330,1836,308,73.9974,13.5418,10.6707,60.4556
13075,13,Hidalgo,Tolcayuca,13816,9198,66.575,6435,1789,820,154,69.9609,19.4499,8.915,50.511
13076,13,Hidalgo,Tula de Allende,92247,61382,66.5409,44818,10217,5417,930,73.0149,16.6449,8.8251,56.37
13077,13,Hidalgo,Tulancingo de Bravo,138466,78708,56.8428,49994,17802,9077,1835,63.5183,22.6178,11.5325,40.9005
13078,13,Hidalgo,Xochiatipan,13893,10943,78.7663,6347,3993,268,335,58.0005,36.4891,2.4491,21.5114
13079,13,Hidalgo,Xochicoatlan,5787,4710,81.3893,3870,358,403,79,82.1656,7.6008,8.5563,73.6093
13080,13,Hidalgo,Yahualica,19265,14134,73.3662,8798,4127,529,680,62.2471,29.1991,3.7427,33.048
13081,13,Hidalgo,Zacualtipan de Angeles,29025,17299,59.6003,12010,2461,2330,498,69.426,14.2263,13.469,55.1997
13082,13,Hidalgo,Zapotlan de Juarez,17645,11993,67.9683,7838,2378,1594,183,65.3548,19.8282,13.2911,45.5266
13083,13,Hidalgo,Zempoala,44419,30008,67.5567,18093,7149,4113,653,60.2939,23.8236,13.7063,36.4703
13084,13,Hidalgo,Zimapan,32769,19141,58.4119,14613,2617,1375,536,76.344,13.6722,7.1835,62.6718
14001,14,Jalisco,Acatic,18449,10023,54.3281,3351,3656,2619,397,33.4331,36.4761,26.1299,-3.043
14002,14,Jalisco,Acatlan de Juarez,18963,11607,61.2087,6958,2144,2304,201,59.9466,18.4716,19.8501,40.0965
14003,14,Jalisco,Ahualulco de Mercado,19129,13840,72.3509,6768,3618,3127,327,48.9017,26.1416,22.5939,22.7601
14004,14,Jalisco,Amacueca,4954,3032,61.2031,1315,594,1015,108,43.3707,19.591,33.4763,9.8944
14005,14,Jalisco,Amatitan,12992,9002,69.2888,4954,1672,2221,155,55.0322,18.5737,24.6723,30.3599
14006,14,Jalisco,Ameca,53507,30905,57.7588,17832,6030,6311,732,57.6994,19.5114,20.4206,37.2788
14007,14,Jalisco,San Juanito de Escobedo,7957,4900,61.581,2921,1063,804,112,59.6122,21.6939,16.4082,37.9183
14008,14,Jalisco,Arandas,64734,38850,60.0148,10412,19777,7125,1536,26.8005,50.906,18.3398,-24.1055
14009,14,Jalisco,Arenal--El,16861,11327,67.1787,4792,3756,2507,272,42.306,33.1597,22.133,9.1463
14010,14,Jalisco,Atemajac de Brizuela,5631,4220,74.9423,2124,980,1042,74,50.3318,23.2227,24.6919,25.6399
14011,14,Jalisco,Atengo,4881,3573,73.2022,1651,1385,418,119,46.2077,38.7629,11.6989,7.4448
14012,14,Jalisco,Atenguillo,3921,2639,67.3043,1043,562,959,75,39.5225,21.2959,36.3395,3.183
14013,14,Jalisco,Atotonilco El Alto,53031,28127,53.0388,9340,14159,3880,748,33.2065,50.3395,13.7946,-17.133
14014,14,Jalisco,Atoyac,7707,4900,63.5786,1722,1795,1251,132,35.1429,36.6327,25.5306,-1.4898
14015,14,Jalisco,Autlan de Navarro,54870,31244,56.9419,16583,9063,4736,862,53.0758,29.0072,15.1581,24.0686
14016,14,Jalisco,Ayotlan,32412,17694,54.5909,9816,4129,3154,595,55.4764,23.3356,17.8253,32.1408
14017,14,Jalisco,Ayutla,11221,6670,59.4421,2424,2571,1430,245,36.3418,38.5457,21.4393,-2.2039
14018,14,Jalisco,Barca--La,60100,30845,51.3228,13829,10242,5921,853,44.8338,33.2047,19.196,11.6291
14019,14,Jalisco,Bolaños,6630,5004,75.4751,2606,1233,1015,150,52.0783,24.6403,20.2838,27.438
14020,14,Jalisco,Cabo Corrientes,9570,5907,61.7241,4163,468,1134,142,70.4757,7.9228,19.1976,51.2781
14021,14,Jalisco,Casimiro Castillo,16751,7945,47.43,4899,2071,737,238,61.6614,26.0667,9.2763,35.5947
14022,14,Jalisco,Cihuatlan,28630,18114,63.2693,12010,3205,2365,534,66.3023,17.6935,13.0562,48.6088
14023,14,Jalisco,Zapotlan El Grande,94448,58344,61.7737,30604,15859,10636,1245,52.4544,27.1819,18.2298,25.2725
14024,14,Jalisco,Cocula,25513,15615,61.2041,7739,4139,3334,403,49.5613,26.5066,21.3513,23.0547
14025,14,Jalisco,Colotlan,16275,9385,57.6651,3474,3150,2470,291,37.0165,33.5642,26.3186,3.4523
14026,14,Jalisco,Concepcion de Buenos Aires,5609,3856,68.7467,1787,823,1148,98,46.3434,21.3434,29.7718,16.5716
14027,14,Jalisco,Cuautitlan de Garcia Barragan,14207,10567,74.3788,4764,2659,2665,479,45.0838,25.1632,25.22,19.8638
14028,14,Jalisco,Cuautla,2458,1630,66.3141,779,465,343,43,47.7914,28.5276,21.0429,19.2638
14029,14,Jalisco,Cuquio,15306,10367,67.7316,3402,3839,2818,308,32.8157,37.031,27.1824,-4.2153
14030,14,Jalisco,Chapala,42863,28369,66.1853,14206,8799,4764,600,50.0758,31.0163,16.793,19.0595
14031,14,Jalisco,Chimaltitan,2725,2109,77.3945,538,727,790,54,25.5097,34.4713,37.4585,-11.9488
14032,14,Jalisco,Chiquilistlan,5047,3323,65.8411,1271,736,1215,101,38.2486,22.1487,36.5633,1.6853
14033,14,Jalisco,Degollado,19686,10438,53.0225,2641,4233,3186,378,25.3018,40.5537,30.5231,-15.2519
14034,14,Jalisco,Ejutla,2225,1299,58.382,480,309,460,50,36.9515,23.7875,35.4119,1.5396
14035,14,Jalisco,Encarnacion de Diaz,39573,23680,59.8388,7437,10127,5418,698,31.4062,42.766,22.8801,-11.3598
14036,14,Jalisco,Etzatlan,16145,11009,68.1883,5653,3139,2040,177,51.3489,28.513,18.5303,22.8359
14037,14,Jalisco,Grullo--El,21611,10330,47.7997,4970,2796,2268,296,48.1123,27.0668,21.9555,21.0455
14038,14,Jalisco,Guachinango,3932,2696,68.5656,1609,334,655,98,59.681,12.3887,24.2953,35.3857
14039,14,Jalisco,Guadalajara,1268140,789397,62.2484,336220,321032,113360,18785,42.592,40.668,14.3603,1.924
14040,14,Jalisco,Hostotipaquillo,7006,4694,66.9997,2486,712,1360,136,52.9612,15.1683,28.9732,23.988
14041,14,Jalisco,Huejucar,5914,3541,59.8749,867,1719,847,108,24.4846,48.5456,23.9198,-24.061
14042,14,Jalisco,Huejuquilla El Alto,7615,4800,63.0335,2100,1521,1022,157,43.75,31.6875,21.2917,12.0625
14043,14,Jalisco,Huerta--La,19521,11692,59.8945,5702,3168,2362,460,48.7684,27.0954,20.2018,21.673
14044,14,Jalisco,Ixtlahuacan de los Membrillos,43391,23099,53.2345,12924,6871,2711,593,55.9505,29.7459,11.7364,26.2046
14045,14,Jalisco,Ixtlahuacan del Rio,16988,10572,62.2322,4824,2959,2491,298,45.63,27.989,23.5622,17.641
14046,14,Jalisco,Jalostotitlan,28437,14962,52.6146,3072,8575,2893,422,20.532,57.3119,19.3357,-36.7799
14047,14,Jalisco,Jamay,20706,13182,63.6627,5766,3747,3296,373,43.7415,28.4251,25.0038,15.3164
14048,14,Jalisco,Jesus Maria,17613,9254,52.5407,2695,4880,1248,431,29.1225,52.734,13.4861,-23.6115
14049,14,Jalisco,Jilotlan de los Dolores,6348,2853,44.9433,839,980,929,105,29.4076,34.3498,32.5622,-4.9422
14050,14,Jalisco,Jocotepec,38783,23712,61.1402,12500,6355,4175,682,52.7159,26.8008,17.6071,25.9151
14051,14,Jalisco,Juanacatlan,19043,11203,58.83,6153,2829,1996,225,54.9228,25.2522,17.8167,29.6706
14052,14,Jalisco,Juchitlan,5689,3467,60.9422,1495,1301,559,112,43.1209,37.5252,16.1234,5.5957
14053,14,Jalisco,Lagos de Moreno,130607,74567,57.0927,29704,24306,18149,2408,39.8353,32.5962,24.3392,7.2391
14054,14,Jalisco,Limon--El,6223,3533,56.7733,2020,455,968,90,57.1752,12.8786,27.3988,29.7764
14055,14,Jalisco,Magdalena,16736,9690,57.8991,3802,3531,2085,272,39.2363,36.4396,21.517,2.7967
14056,14,Jalisco,Santa Maria del Oro,2069,1337,64.6206,229,699,368,41,17.1279,52.2812,27.5243,-35.1533
14057,14,Jalisco,Manzanilla de la Paz--La,3756,2622,69.8083,1287,508,768,59,49.0847,19.3745,29.2906,19.7941
14058,14,Jalisco,Mascota,12294,7673,62.4126,3797,2085,1599,192,49.4852,27.1732,20.8393,22.312
14059,14,Jalisco,Mazamitla,12507,8030,64.204,3541,2505,1692,292,44.0971,31.1955,21.071,12.9016
14060,14,Jalisco,Mexticacan,5164,2862,55.4222,1320,794,638,110,46.1216,27.7428,22.2921,18.3788
14061,14,Jalisco,Mezquitic,16085,11145,69.2882,5158,4134,1454,399,46.2808,37.0929,13.0462,9.1879
14062,14,Jalisco,Mixtlan,3550,2225,62.6761,896,840,443,46,40.2697,37.7528,19.9101,2.5169
14063,14,Jalisco,Ocotlan,82496,46955,56.9179,25858,12420,7772,905,55.0697,26.4509,16.552,28.6188
14064,14,Jalisco,Ojuelos de Jalisco,22622,15431,68.2124,6568,3377,4847,639,42.5637,21.8845,31.4108,11.1529
14065,14,Jalisco,Pihuamo,9855,5160,52.3592,2283,1312,1372,193,44.2442,25.4264,26.5891,17.6551
14066,14,Jalisco,Poncitlan,41568,23557,56.671,12083,5495,5208,771,51.2926,23.3264,22.1081,27.9662
14067,14,Jalisco,Puerto Vallarta,246276,137378,55.7821,81999,25871,26608,2900,59.6886,18.832,19.3685,40.3201
14068,14,Jalisco,Villa Purificacion,10256,5287,51.5503,2256,1824,968,239,42.6707,34.4997,18.3091,8.171
14069,14,Jalisco,Quitupan,8986,5019,55.8535,1728,890,2229,172,34.4292,17.7326,44.4112,-9.982
14070,14,Jalisco,Salto--El,143956,77670,53.954,45045,13132,17846,1647,57.9954,16.9074,22.9767,35.0187
14071,14,Jalisco,San Cristobal de la Barranca,3063,1936,63.206,728,875,273,60,37.6033,45.1963,14.1012,-7.593
14072,14,Jalisco,San Diego de Alejandria,5882,3750,63.7538,1201,1839,605,105,32.0267,49.04,16.1333,-17.0133
14073,14,Jalisco,San Juan de los Lagos,58892,34338,58.3067,11516,16124,5805,893,33.5372,46.9567,16.9055,-13.4195
14074,14,Jalisco,San Julian,13965,8869,63.5088,1401,5102,2042,324,15.7966,57.5262,23.024,-41.7296
14075,14,Jalisco,San Marcos,3298,2400,72.7714,1338,606,389,67,55.75,25.25,16.2083,30.5
14076,14,Jalisco,San Martin de Bolaños,2341,1563,66.7663,686,297,505,75,43.89,19.0019,32.3097,11.5803
14077,14,Jalisco,San Martin de Hidalgo,26619,15208,57.1321,8604,2579,3633,392,56.5755,16.9582,23.8887,32.6868
14078,14,Jalisco,San Miguel El Alto,26789,15329,57.2212,3132,8907,2776,514,20.4319,58.1056,18.1095,-37.6737
14079,14,Jalisco,Gomez Farias,13678,8724,63.7813,5025,1360,2108,231,57.5997,15.5892,24.1632,33.4365
14080,14,Jalisco,San Sebastian del Oeste,4874,3363,68.9988,1520,262,1449,132,45.1977,7.7907,43.0865,2.1112
14081,14,Jalisco,Santa Maria de los Angeles,3632,2144,59.0308,505,961,606,72,23.5541,44.8228,28.2649,-21.2687
14082,14,Jalisco,Sayula,29862,16813,56.3023,9734,3100,3607,372,57.8957,18.4381,21.4536,36.4421
14083,14,Jalisco,Tala,63322,35497,56.0579,21204,5629,7856,808,59.7346,15.8577,22.1314,37.6032
14084,14,Jalisco,Talpa de Allende,12107,8961,74.015,4652,2388,1682,239,51.9138,26.6488,18.7702,25.265
14085,14,Jalisco,Tamazula de Gordiano,36740,19078,51.9271,11319,4208,2969,582,59.3301,22.0568,15.5624,37.2733
14086,14,Jalisco,Tapalpa,16564,12507,75.5071,6405,2668,2967,467,51.2113,21.3321,23.7227,27.4886
14087,14,Jalisco,Tecalitlan,14386,8575,59.6066,3969,1679,2623,304,46.2857,19.5802,30.5889,15.6968
14088,14,Jalisco,Tecolotlan,15256,9600,62.9261,5437,2379,1570,214,56.6354,24.7812,16.3542,31.8542
14089,14,Jalisco,Techaluta de Montenegro,3438,2324,67.5974,1397,303,560,64,60.1119,13.0379,24.0964,36.0155
14090,14,Jalisco,Tenamaxtlan,7248,4219,58.2092,2082,1493,533,111,49.3482,35.3875,12.6333,13.9607
14091,14,Jalisco,Teocaltiche,32747,16392,50.0565,7394,5102,3206,690,45.1074,31.1249,19.5583,13.9825
14092,14,Jalisco,Teocuitatlan de Corona,10439,6675,63.9429,3937,1339,1161,238,58.9813,20.0599,17.3933,38.9214
14093,14,Jalisco,Tepatitlan de Morelos,133934,74923,55.9402,14140,48297,10556,1930,18.8727,64.4622,14.0891,-45.5895
14094,14,Jalisco,Tequila,34974,21706,62.0632,11657,6576,2966,507,53.704,30.2958,13.6644,23.4082
14095,14,Jalisco,Teuchitlan,8477,5435,64.1147,2762,1024,1477,172,50.8188,18.8408,27.1757,23.6431
14096,14,Jalisco,Tizapan El Alto,18712,10347,55.2961,4970,2613,2427,337,48.0332,25.2537,23.4561,22.7795
14097,14,Jalisco,Tlajomulco de Zuñiga,451757,231025,51.1392,113581,66555,46289,4600,49.1639,28.8086,20.0364,20.3553
14098,14,Jalisco,Tlaquepaque,521997,289166,55.3961,141551,90394,50611,6610,48.9515,31.2602,17.5024,17.6913
14099,14,Jalisco,Toliman,8551,5633,65.8753,2567,1316,1535,215,45.5707,23.3623,27.2501,18.3206
14100,14,Jalisco,Tomatlan,26962,14423,53.4938,9395,1352,3275,401,65.139,9.3739,22.7068,42.4322
14101,14,Jalisco,Tonala,396117,204231,51.5583,108614,54779,36011,4827,53.1819,26.8221,17.6325,26.3598
14102,14,Jalisco,Tonaya,5831,3201,54.8962,1079,1380,596,146,33.7082,43.1115,18.6192,-9.4033
14103,14,Jalisco,Tonila,6368,4794,75.2827,2392,853,1465,84,49.8957,17.7931,30.559,19.3367
14104,14,Jalisco,Totatiche,4279,2628,61.4162,467,1351,732,78,17.7702,51.4079,27.8539,-33.6377
14105,14,Jalisco,Tototlan,19662,10640,54.1145,4166,3545,2592,337,39.1541,33.3177,24.3609,5.8364
14106,14,Jalisco,Tuxcacuesco,4627,3117,67.3655,1627,1141,277,72,52.1976,36.6057,8.8868,15.5919
14107,14,Jalisco,Tuxcueca,6369,4063,63.7934,2091,714,1166,92,51.4644,17.5732,28.698,22.7664
14108,14,Jalisco,Tuxpan,29830,17275,57.9115,11588,2385,2966,336,67.0796,13.8061,17.1693,49.9103
14109,14,Jalisco,Union de San Antonio,15242,10414,68.3244,2514,6147,1396,357,24.1406,59.0263,13.405,-34.8857
14110,14,Jalisco,Union de Tula,12797,6904,53.9501,3702,1586,1399,217,53.6211,22.9722,20.2636,30.6489
14111,14,Jalisco,Valle de Guadalupe,6974,3683,52.8104,543,2511,524,105,14.7434,68.1781,14.2275,-53.4347
14112,14,Jalisco,Valle de Juarez,6307,3899,61.8202,1283,1969,514,133,32.9059,50.5001,13.1829,-17.5942
14113,14,Jalisco,San Gabriel,13708,8999,65.6478,3809,2581,2292,317,42.3269,28.681,25.4695,13.6459
14114,14,Jalisco,Villa Corona,15969,8481,53.1091,4988,1717,1522,254,58.8138,20.2453,17.946,38.5685
14115,14,Jalisco,Villa Guerrero,4886,3353,68.6246,669,1514,1059,111,19.9523,45.1536,31.5837,-25.2013
14116,14,Jalisco,Villa Hidalgo,16287,9196,56.4622,2963,3543,2314,376,32.2205,38.5276,25.1631,-6.3071
14117,14,Jalisco,Cañadas de Obregon,4106,2165,52.7277,686,744,638,97,31.6859,34.3649,29.4688,-2.679
14118,14,Jalisco,Yahualica de Gonzalez Gallo,21559,12493,57.948,5693,5072,1275,453,45.5695,40.5987,10.2057,4.9708
14119,14,Jalisco,Zacoalco de Torres,25413,14515,57.1164,8574,2001,3611,329,59.0699,13.7857,24.8777,34.1922
14120,14,Jalisco,Zapopan,1148285,691375,60.2094,241012,343963,91173,15227,34.8598,49.7506,13.1872,-14.8908
14121,14,Jalisco,Zapotiltic,28158,16437,58.3742,10249,3614,2201,373,62.3532,21.987,13.3905,40.3662
14122,14,Jalisco,Zapotitlan de Vadillo,5560,3836,68.9928,2163,1057,508,108,56.3869,27.5547,13.243,28.8322
14123,14,Jalisco,Zapotlan del Rey,15564,8789,56.4701,3926,2135,2432,296,44.6695,24.2917,27.671,16.9985
14124,14,Jalisco,Zapotlanejo,61811,31345,50.711,11979,10741,7593,1032,38.2166,34.267,24.224,3.9496000000000002
14125,14,Jalisco,San Ignacio Cerro Gordo,15877,8860,55.804,2030,5519,1058,253,22.912,62.2912,11.9413,-39.3792
15001,15,México,Acambay,50600,32624,64.4743,20179,8711,2751,983,61.8532,26.7012,8.4324,35.152
15002,15,México,Acolman,95320,62616,65.6903,40751,13868,6795,1202,65.0808,22.1477,10.8519,42.9331
15003,15,México,Aculco,37262,25622,68.7617,15931,6904,2183,604,62.177,26.9456,8.52,35.2314
15004,15,México,Almoloya de Alquisiras,12655,8100,64.0063,5274,1328,846,652,65.1111,16.3951,10.4444,48.716
15005,15,México,Almoloya de Juarez,128892,85809,66.5743,46770,24115,12482,2442,54.5048,28.1031,14.5463,26.4017
15006,15,México,Almoloya del Rio,9565,6869,71.8139,4433,1388,899,149,64.5363,20.2067,13.0878,44.3296
15007,15,México,Amanalco,19899,13976,70.2347,7104,3716,2550,606,50.83,26.5884,18.2456,24.2416
15008,15,México,Amatepec,20526,12952,63.1005,9815,2084,590,463,75.7798,16.0902,4.5553,59.6896
15009,15,México,Amecameca,45830,31642,69.0421,20817,6266,3952,607,65.7891,19.8028,12.4897,45.9863
15010,15,México,Apaxco,24117,15822,65.6052,11362,2116,2055,289,71.8114,13.3738,12.9882,58.4376
15011,15,México,Atenco,51970,31235,60.102,21463,5926,3210,636,68.7146,18.9723,10.2769,49.7423
15012,15,México,Atizapan,9823,6752,68.7366,4679,1097,819,157,69.298,16.247,12.1297,53.051
15013,15,México,Atizapan de Zaragoza,422234,277279,65.6695,142535,105940,23213,5591,51.4049,38.207,8.3717,13.1979
15014,15,México,Atlacomulco,85303,57361,67.2438,32231,17706,6186,1238,56.1897,30.8677,10.7843,25.322
15015,15,México,Atlautla,23911,16151,67.5463,11597,2539,1676,339,71.8036,15.7204,10.3771,56.0832
15016,15,México,Axapusco,20322,15699,77.2513,9852,4140,1284,423,62.7556,26.3711,8.1789,36.3845
15017,15,México,Ayapango,6833,5271,77.1403,3101,1135,928,107,58.8313,21.5329,17.6058,37.2984
15018,15,México,Calimaya,47226,34706,73.4892,18766,11281,4018,641,54.0713,32.5045,11.5772,21.5668
15019,15,México,Capulhuac,28816,15508,53.8173,9050,3554,2544,360,58.357,22.9172,16.4044,35.4398
15020,15,México,Coacalco de Berriozabal,234078,160417,68.5314,91717,49329,16538,2833,57.1741,30.7505,10.3094,26.4236
15021,15,México,Coatepec Harinas,29974,17790,59.3514,9374,5871,1833,712,52.6925,33.0017,10.3035,19.6908
15022,15,México,Cocotitlan,12887,9539,74.0203,6547,1399,1449,144,68.634,14.6661,15.1903,53.4437
15023,15,México,Coyotepec,41540,25389,61.1194,18837,3610,2439,503,74.1935,14.2188,9.6065,59.9747
15024,15,México,Cuautitlan,108369,73938,68.228,44600,20586,7557,1195,60.3208,27.8422,10.2207,32.4786
15025,15,México,Chalco,290295,170211,58.6338,122851,27012,16702,3646,72.1757,15.8697,9.8125,56.306
15026,15,México,Chapa de Mota,24056,18320,76.1556,10903,5310,1674,433,59.5142,28.9847,9.1376,30.5295
15027,15,México,Chapultepec,9678,6648,68.6919,4166,1466,906,110,62.6655,22.0517,13.6282,40.6138
15028,15,México,Chiautla,24263,17259,71.133,10754,3374,2779,352,62.3095,19.5492,16.1017,42.7603
15029,15,México,Chicoloapan,146641,90316,61.5899,57493,20734,10155,1934,63.6576,22.9572,11.2439,40.7004
15030,15,México,Chiconcuac,22280,15421,69.2145,9552,3605,1981,283,61.9415,23.3772,12.8461,38.5643
15031,15,México,Chimalhuacan,513126,271318,52.8755,183844,53524,27331,6619,67.7596,19.7274,10.0734,48.0322
15032,15,México,Donato Guerra,27361,19839,72.5083,13002,4417,1481,939,65.5376,22.2642,7.4651,43.2734
15033,15,México,Ecatepec de Morelos,1293612,808493,62.4989,519213,184754,86550,17976,64.2199,22.8517,10.7051,41.3682
15034,15,México,Ecatzingo,7904,5867,74.2282,3629,1555,554,129,61.8544,26.5042,9.4426,35.3502
15035,15,México,Huehuetoca,116991,67934,58.0677,48700,10612,6777,1845,71.6872,15.621,9.9759,56.0662
15036,15,México,Hueypoxtla,34763,24904,71.6394,17953,3993,2414,544,72.0888,16.0336,9.6932,56.0552
15037,15,México,Huixquilucan,219843,154924,70.4703,67813,71995,12467,2649,43.7718,46.4712,8.0472,-2.6994
15038,15,México,Isidro Fabela,9323,6840,73.3669,3781,1736,1189,134,55.2778,25.3801,17.383,29.8977
15039,15,México,Ixtapaluca,377797,224639,59.4602,152545,42819,24516,4759,67.9067,19.0612,10.9135,48.8455
15040,15,México,Ixtapan de la Sal,29202,19498,66.7694,9617,6472,2755,654,49.323,33.1931,14.1297,16.1299
15041,15,México,Ixtapan del Oro,5627,4532,80.5403,3267,925,210,130,72.0874,20.4104,4.6337,51.677
15042,15,México,Ixtlahuaca,121828,86805,71.2521,55052,21026,8772,1955,63.4203,24.2221,10.1054,39.1982
15043,15,México,Xalatlaco,20718,12436,60.0251,8393,2108,1720,215,67.4895,16.9508,13.8308,50.5387
15044,15,México,Jaltenco,21115,14819,70.1823,9913,2596,2054,256,66.8939,17.5181,13.8606,49.3758
15045,15,México,Jilotepec,74999,54530,72.7076,34532,13761,5136,1101,63.3266,25.2357,9.4187,38.0909
15046,15,México,Jilotzingo,17459,13438,76.9689,7214,4251,1605,368,53.6836,31.6342,11.9437,22.0494
15047,15,México,Jiquipilco,58213,40560,69.6752,23767,9718,5920,1155,58.5971,23.9596,14.5957,34.6375
15048,15,México,Jocotitlan,53939,38636,71.6291,23623,9601,4057,1355,61.1425,24.8499,10.5006,36.2926
15049,15,México,Joquicingo,11286,8503,75.3411,5623,1470,1202,208,66.1296,17.288,14.1362,48.8416
15050,15,México,Juchitepec,19825,14472,72.9987,10398,2500,1293,281,71.8491,17.2747,8.9345,54.5744
15051,15,México,Lerma,123996,87541,70.5999,52806,24547,8429,1759,60.3214,28.0406,9.6286,32.2808
15052,15,México,Malinalco,21558,15203,70.5214,9424,2187,3037,555,61.9878,14.3853,19.9763,42.0115
15053,15,México,Melchor Ocampo,46168,30882,66.8905,21753,5224,3404,501,70.4391,16.916,11.0226,53.5231
15054,15,México,Metepec,198096,144067,72.7259,61307,65566,14780,2414,42.5545,45.5108,10.2591,-2.9563
15055,15,México,Mexicaltzingo,10978,7378,67.2071,4066,1964,1235,113,55.1098,26.6197,16.739,28.4901
15056,15,México,Morelos,25299,18015,71.2083,11566,3946,1901,602,64.2021,21.904,10.5523,42.2981
15057,15,México,Naucalpan de Juarez,710850,461411,64.9098,243083,171296,38010,9022,52.6825,37.1244,8.2378,15.5581
15058,15,México,Nezahualcoyotl,879657,567767,64.5441,359156,130706,65993,11912,63.2576,23.0211,11.6233,40.2365
15059,15,México,Nextlalpan,37192,25504,68.5739,17482,4093,3425,504,68.5461,16.0485,13.4293,52.4976
15060,15,México,Nicolas Romero,313688,189371,60.3692,121940,41287,21787,4357,64.3921,21.8022,11.5049,42.5899
15061,15,México,Nopaltepec,8616,6324,73.3983,3622,1494,1033,175,57.2739,23.6243,16.3346,33.6496
15062,15,México,Ocoyoacac,55507,39831,71.7585,24204,8771,5867,989,60.7667,22.0205,14.7297,38.7462
15063,15,México,Ocuilan,23274,16459,70.7184,9780,2846,3201,632,59.4204,17.2915,19.4483,39.9721
15064,15,México,Oro--El,29101,20716,71.1866,13118,5476,1646,476,63.323,26.4337,7.9455,36.8893
15065,15,México,Otumba,29809,20172,67.6708,13621,4349,1848,354,67.5243,21.5596,9.1612,45.9647
15066,15,México,Otzoloapan,4202,2944,70.0619,1721,940,202,81,58.4579,31.9293,6.8614,26.5286
15067,15,México,Otzolotepec,65213,42424,65.0545,25853,9876,5826,869,60.9396,23.2793,13.7328,37.6603
15068,15,México,Ozumba,22258,15268,68.5956,10676,2295,2051,246,69.924,15.0314,13.4333,54.8926
15069,15,México,Papalotla,4471,3567,79.7808,2042,1068,402,55,57.247,29.9411,11.27,27.3059
15070,15,México,Paz--La,214668,131224,61.1288,85937,30797,11424,3066,65.4888,23.469,8.7057,42.0198
15071,15,México,Polotitlan,12722,8861,69.651,4870,2925,879,187,54.9599,33.0098,9.9199,21.9501
15072,15,México,Rayon,10244,7596,74.1507,4835,1455,1168,138,63.6519,19.1548,15.3765,44.4971
15073,15,México,San Antonio la Isla,20679,14780,71.4735,8943,3453,2159,225,60.5074,23.3627,14.6076,37.1447
15074,15,México,San Felipe del Progreso,119294,82195,68.9012,46370,28578,4766,2481,56.4146,34.7685,5.7984,21.6461
15075,15,México,San Martin de las Piramides,22627,15969,70.575,9623,3560,2440,346,60.2605,22.2932,15.2796,37.9673
15076,15,México,San Mateo Atenco,75745,55642,73.4596,33242,15218,6214,968,59.7426,27.3498,11.1678,32.3928
15077,15,México,San Simon de Guerrero,5548,4304,77.5775,2366,998,776,164,54.9721,23.1877,18.0297,31.7844
15078,15,México,Santo Tomas,7970,5818,72.9987,3505,1489,667,157,60.2441,25.593,11.4644,34.6511
15079,15,México,Soyaniquilpan de Juarez,11734,9611,81.9073,5344,3312,807,148,55.603,34.4605,8.3966,21.1425
15080,15,México,Sultepec,20093,12487,62.146,7789,3129,1012,557,62.3769,25.0581,8.1044,37.3188
15081,15,México,Tecamac,380697,254264,66.7891,153779,69371,26507,4607,60.4801,27.2831,10.425,33.197
15082,15,México,Tejupilco,61447,38003,61.8468,21324,11661,3656,1362,56.1114,30.6844,9.6203,25.427
15083,15,México,Temamatla,12100,8353,69.0331,5560,1329,1297,167,66.5629,15.9105,15.5274,50.6524
15084,15,México,Temascalapa,32550,22592,69.4071,15117,4686,2241,548,66.9131,20.7419,9.9194,46.1712
15085,15,México,Temascalcingo,53686,35227,65.6167,23645,7016,3585,981,67.1218,19.9165,10.1769,47.2053
15086,15,México,Temascaltepec,26714,18095,67.736,9128,5416,2966,585,50.4449,29.9309,16.3913,20.514
15087,15,México,Temoaya,78778,46662,59.2323,26469,12395,6553,1245,56.725,26.5634,14.0435,30.1616
15088,15,México,Tenancingo,77979,46605,59.7661,28740,8876,7795,1194,61.6672,19.0452,16.7257,42.622
15089,15,México,Tenango del Aire,9620,7170,74.5322,4594,1497,934,145,64.0725,20.8787,13.0265,43.1938
15090,15,México,Tenango del Valle,66714,41068,61.5583,26774,7531,5877,886,65.1943,18.3379,14.3104,46.8564
15091,15,México,Teoloyucan,71362,46075,64.5652,32361,8606,4345,763,70.2355,18.6782,9.4303,51.5573
15092,15,México,Teotihuacan,49998,34609,69.2208,22362,8425,3115,707,64.6133,24.3434,9.0005,40.2699
15093,15,México,Tepetlaoxtoc,24445,16910,69.1757,10736,3623,2134,417,63.4891,21.4252,12.6198,42.0639
15094,15,México,Tepetlixpa,15757,10547,66.9353,7177,1363,1710,297,68.0478,12.9231,16.2131,51.8347
15095,15,México,Tepotzotlan,67349,46220,68.6276,30441,7576,7157,1046,65.8611,16.3912,15.4846,49.4699
15096,15,México,Tequixquiac,30450,20728,68.0722,13320,3471,3474,463,64.2609,16.7455,16.7599,47.501
15097,15,México,Texcaltitlan,13979,9702,69.4041,5599,2192,1600,311,57.7098,22.5933,16.4914,35.1165
15098,15,México,Texcalyacac,4661,3822,81.9996,2499,597,615,111,65.3846,15.6201,16.0911,49.2935
15099,15,México,Texcoco,220712,135408,61.3505,81923,34001,16620,2864,60.5009,25.11,12.274,35.3909
15100,15,México,Tezoyuca,36958,23718,64.1756,15450,5471,2273,524,65.1404,23.0669,9.5834,42.0735
15101,15,México,Tianguistenco,62882,42762,68.0036,28022,9107,4717,916,65.5301,21.2969,11.0308,44.2332
15102,15,México,Timilpan,14535,11932,82.0915,6262,4483,863,324,52.4807,37.5712,7.2327,14.9095
15103,15,México,Tlalmanalco,40188,26870,66.8608,17841,4470,4000,559,66.3975,16.6357,14.8865,49.7618
15104,15,México,Tlalnepantla de Baz,569697,391934,68.7969,213845,138142,32549,7398,54.5615,35.2462,8.3047,19.3153
15105,15,México,Tlatlaya,25676,17901,69.7188,13384,3419,565,533,74.7668,19.0995,3.1562,55.6673
15106,15,México,Toluca,719862,482437,67.018,250249,161466,61117,9605,51.8719,33.4688,12.6684,18.4031
15107,15,México,Tonatico,11407,7880,69.0804,3681,2391,1603,205,46.7132,30.3426,20.3426,16.3706
15108,15,México,Tultepec,133380,86138,64.5809,58437,16461,9619,1621,67.8411,19.11,11.167,48.7311
15109,15,México,Tultitlan,385434,242411,62.893,162297,48930,26598,4586,66.9512,20.1847,10.9723,46.7665
15110,15,México,Valle de Bravo,59292,43794,73.8616,24180,14509,4089,1016,55.213,33.1301,9.3369,22.0829
15111,15,México,Villa de Allende,38266,25154,65.7346,16030,6698,1614,812,63.7274,26.628,6.4165,37.0994
15112,15,México,Villa del Carbon,38143,26816,70.3039,15039,9075,2019,683,56.0822,33.8417,7.5291,22.2405
15113,15,México,Villa Guerrero,48508,29135,60.0623,13717,7068,7347,1003,47.0808,24.2595,25.2171,21.8637
15114,15,México,Villa Victoria,76639,52345,68.3007,28348,20231,2226,1540,54.1561,38.6493,4.2526,15.5068
15115,15,México,Xonacatlan,48732,34137,70.0505,21105,6733,5601,698,61.8244,19.7235,16.4074,42.1009
15116,15,México,Zacazonapan,4075,3033,74.4294,2105,387,447,94,69.4032,12.7596,14.7379,54.6653
15117,15,México,Zacualpan,11095,7627,68.7427,5553,1420,396,258,72.8071,18.6181,5.1921,54.189
15118,15,México,Zinacantepec,154504,102564,66.3827,55890,29553,14441,2680,54.4928,28.8142,14.08,25.6786
15119,15,México,Zumpahuacan,13289,9036,67.9961,5897,1631,1191,317,65.2612,18.05,13.1806,47.2112
15120,15,México,Zumpango,181410,101153,55.7593,68070,19526,11384,2173,67.2941,19.3034,11.2542,47.9907
15121,15,México,Cuautitlan Izcalli,431931,299343,69.3034,175594,89395,28742,5612,58.6598,29.8637,9.6017,28.7961
15122,15,México,Valle de Chalco Solidaridad,282755,167236,59.1452,121522,25269,16540,3905,72.665,15.1098,9.8902,57.5552
15123,15,México,Luvianos,22803,13256,58.1327,8480,3295,783,698,63.971,24.8567,5.9068,39.1143
15124,15,México,San Jose del Rincon,75381,41589,55.1717,23063,12502,4256,1768,55.4546,30.0608,10.2335,25.3938
15125,15,México,Tonanitla,10703,7356,68.7284,5004,1215,982,155,68.0261,16.5171,13.3496,51.509
16001,16,Michoacán,Acuitzio,9507,6291,66.1723,3261,1678,978,374,51.836,26.673,15.546,25.163
16002,16,Michoacán,Aguililla,11009,4149,37.6873,3192,560,196,201,76.9342,13.4972,4.724,63.437
16003,16,Michoacán,Alvaro Obregon,17690,11628,65.7321,6556,2746,1925,401,56.381100000000004,23.6154,16.5549,32.7657
16004,16,Michoacán,Angamacutiro,13062,8289,63.4589,5264,2309,447,269,63.5059,27.8562,5.3927,35.6497
16005,16,Michoacán,Angangueo,8327,5494,65.9781,3627,1034,621,212,66.0175,18.8205,11.3032,47.197
16006,16,Michoacán,Apatzingan,95560,42486,44.46,25653,9477,5911,1445,60.3799,22.3062,13.9128,38.0737
16007,16,Michoacán,Aporo,3021,2187,72.3932,1135,424,534,94,51.8976,19.3873,24.417,27.4806
16008,16,Michoacán,Aquila,17259,11724,67.9298,10025,913,419,367,85.5084,7.7874,3.5739,77.721
16009,16,Michoacán,Ario,29061,17313,59.5747,7397,5649,3483,784,42.7251,32.6287,20.1178,10.0964
16010,16,Michoacán,Arteaga,16367,7244,44.2598,5322,1306,324,292,73.4677,18.0287,4.4727,55.439
16011,16,Michoacán,Briseñas,6648,4380,65.8845,2191,1225,858,106,50.0228,27.968,19.589,22.0548
16012,16,Michoacán,Buenavista,33147,13059,39.3972,6921,4658,968,512,52.9979,35.6689,7.4125,17.329
16013,16,Michoacán,Caracuaro,7621,4547,59.6641,2210,1822,261,254,48.6035,40.0704,5.74,8.5331
16014,16,Michoacán,Coahuayana,12101,6425,53.0948,3773,1795,578,279,58.7237,27.9377,8.9961,30.786
16015,16,Michoacán,Coalcoman de Vazquez Pallares,15176,7670,50.5403,2384,2999,1960,327,31.0821,39.1004,25.5541,-8.0183
16016,16,Michoacán,Coeneo,20163,10674,52.9386,6413,2364,1439,458,60.0806,22.1473,13.4814,37.9333
16017,16,Michoacán,Contepec,24899,14334,57.568600000000004,8613,4213,883,625,60.0879,29.3917,6.1602,30.6962
16018,16,Michoacán,Copandaro,7882,4507,57.1809,2159,1082,1114,152,47.9033,24.0071,24.7171,23.1862
16019,16,Michoacán,Cotija,17716,8845,49.9266,2410,4708,1331,396,27.247,53.2278,15.048,-25.9808
16020,16,Michoacán,Cuitzeo,24807,13603,54.8353,7670,3246,1733,954,56.3846,23.8624,12.7398,32.5222
16021,16,Michoacán,Charapan,5698,4264,74.8333,2601,1020,251,392,60.9991,23.9212,5.8865,37.0779
16022,16,Michoacán,Charo,18141,11805,65.0736,5314,3208,2753,530,45.0148,27.1749,23.3206,17.8399
16023,16,Michoacán,Chavinda,10344,4840,46.7904,2102,1414,1142,182,43.4298,29.2149,23.595,14.2149
16024,16,Michoacán,Cheran,2271,1067,46.9837,775,196,53,43,72.6336,18.3693,4.9672,54.2643
16025,16,Michoacán,Chilchota,26162,16168,61.7996,10391,3158,2044,575,64.2689,19.5324,12.6423,44.7365
16026,16,Michoacán,Chinicuila,3857,1792,46.461,1209,278,214,91,67.4665,15.5134,11.942,51.9531
16027,16,Michoacán,Chucandiro,5168,2820,54.5666,1267,1234,154,165,44.9291,43.7589,5.461,1.1702
16028,16,Michoacán,Churintzio,6672,3126,46.8525,1440,1359,249,78,46.0653,43.4741,7.9655,2.5912
16029,16,Michoacán,Churumuco,10135,6438,63.5224,1989,4086,100,263,30.8947,63.4669,1.5533,-32.5722
16030,16,Michoacán,Ecuandureo,11983,6117,51.0473,3267,2168,422,260,53.4085,35.4422,6.8988,17.9663
16031,16,Michoacán,Epitacio Huerta,12128,7389,60.9251,3461,2852,832,244,46.8399,38.5979,11.26,8.242
16032,16,Michoacán,Erongaricuaro,10316,8008,77.627,5198,1796,688,326,64.9101,22.4276,8.5914,42.4825
16033,16,Michoacán,Gabriel Zamora,16927,11961,70.6623,10084,1253,415,209,84.3073,10.4757,3.4696,73.8316
16034,16,Michoacán,Hidalgo,95963,59345,61.8415,26863,21239,8728,2515,45.2658,35.789,14.7072,9.4768
16035,16,Michoacán,Huacana--La,24149,16846,69.7586,14448,1384,450,564,85.7652,8.2156,2.6713,77.5496
16036,16,Michoacán,Huandacareo,10847,6072,55.9786,2944,2094,790,244,48.4848,34.4862,13.0105,13.9986
16037,16,Michoacán,Huaniqueo,7960,4188,52.6131,2650,956,359,223,63.276,22.8271,8.5721,40.4489
16038,16,Michoacán,Huetamo,34332,18540,54.0021,10705,6075,960,800,57.74,32.767,5.178,24.973
16039,16,Michoacán,Huiramba,7103,4697,66.127,3343,658,483,213,71.1731,14.0089,10.2832,57.1642
16040,16,Michoacán,Indaparapeo,14400,8649,60.0625,4895,2619,807,328,56.5961,30.281,9.3306,26.3151
16041,16,Michoacán,Irimbo,13220,8101,61.2784,3659,3147,922,373,45.1673,38.8471,11.3813,6.3202
16042,16,Michoacán,Ixtlan,12124,7229,59.6255,3733,2891,348,257,51.6392,39.9917,4.8139,11.6475
16043,16,Michoacán,Jacona,54444,25091,46.0859,12629,8789,2867,806,50.3328,35.0285,11.4264,15.3043
16044,16,Michoacán,Jimenez,13274,7206,54.2866,2934,2327,1636,309,40.7161,32.2925,22.7033,8.4236
16045,16,Michoacán,Jiquilpan,34935,18932,54.1921,10592,4804,2906,630,55.9476,25.375,15.3497,30.5726
16046,16,Michoacán,Juarez,11089,7262,65.4883,4078,1383,1458,343,56.1553,19.0443,20.0771,36.0782
16047,16,Michoacán,Jungapeo,15529,9402,60.5448,5195,3071,804,332,55.2542,32.6633,8.5514,22.5909
16048,16,Michoacán,Lagunillas,5549,3814,68.7331,2115,854,612,233,55.4536,22.3912,16.0461,33.0624
16049,16,Michoacán,Madero,14800,9651,65.2095,5231,2934,936,550,54.2016,30.401,9.6985,23.8006
16050,16,Michoacán,Maravatio,67821,33424,49.2827,19646,8417,4017,1344,58.7781,25.1825,12.0183,33.5956
16051,16,Michoacán,Marcos Castellanos,10607,6467,60.9692,3152,2580,576,159,48.7398,39.8949,8.9068,8.8449
16052,16,Michoacán,Lazaro Cardenas,146215,75355,51.5371,58186,10373,5247,1549,77.2158,13.7655,6.963,63.4503
16053,16,Michoacán,Morelia,671572,391848,58.3479,182519,151400,47566,10363,46.579,38.6374,12.1389,7.9416
16054,16,Michoacán,Morelos,8326,4612,55.3927,2508,560,1349,195,54.3799,12.1422,29.2498,25.1301
16055,16,Michoacán,Mugica,35325,19330,54.7205,16261,1881,717,471,84.1231,9.731,3.7093,74.3921
16056,16,Michoacán,Nahuatzen,16279,12135,74.5439,7035,3589,964,547,57.9728,29.5756,7.944,28.3972
16057,16,Michoacán,Nocupetaro,7340,5037,68.624,3074,1623,187,153,61.0284,32.2216,3.7125,28.8068
16058,16,Michoacán,Nuevo Parangaricutiro,15655,10573,67.5375,4488,3858,1930,297,42.4477,36.4892,18.254,5.9585
16059,16,Michoacán,Nuevo Urecho,6470,4582,70.8192,2813,509,1112,148,61.3924,11.1087,24.2689,37.1235
16060,16,Michoacán,Numaran,10102,6469,64.0368,3068,2515,730,156,47.4262,38.8777,11.2846,8.5485
16061,16,Michoacán,Ocampo,17783,9509,53.4724,6205,2242,748,314,65.254,23.5777,7.8662,41.6763
16062,16,Michoacán,Pajacuaran,16653,9374,56.2902,6122,1069,1951,232,65.3083,11.4039,20.8129,44.4954
16063,16,Michoacán,Panindicuaro,15133,8708,57.5431,5640,954,1702,412,64.768,10.9554,19.5452,45.2228
16064,16,Michoacán,Paracuaro,20136,9403,46.6975,6854,1699,561,289,72.8916,18.0687,5.9662,54.8229
16065,16,Michoacán,Paracho,26498,19887,75.0509,14806,2647,1728,706,74.4506,13.3102,8.6891,61.1404
16066,16,Michoacán,Patzcuaro,74787,42042,56.2157,24718,9218,6221,1885,58.7936,21.9257,14.7971,36.8679
16067,16,Michoacán,Penjamillo,16116,8549,53.0467,4556,2418,1293,282,53.2928,28.284,15.1246,25.0088
16068,16,Michoacán,Periban,22888,12984,56.7284,5448,5129,1917,490,41.9593,39.5025,14.7643,2.4568
16069,16,Michoacán,Piedad--La,85006,43240,50.867,22506,15628,4116,990,52.049,36.1425,9.519,15.9065
16070,16,Michoacán,Purepero,14105,8591,60.9075,3912,3087,1331,261,45.536,35.933,15.493,9.603
16071,16,Michoacán,Puruandiro,62786,28563,45.4926,15770,7343,4247,1203,55.2113,25.7081,14.8689,29.5032
16072,16,Michoacán,Querendaro,11590,6917,59.6808,3442,2345,865,265,49.7615,33.902,12.5054,15.8595
16073,16,Michoacán,Quiroga,18623,12740,68.41,6810,3556,1881,493,53.4537,27.9121,14.7645,25.5416
16074,16,Michoacán,Cojumatlan de Regules,8951,5719,63.8923,2480,2640,453,146,43.3642,46.1619,7.921,-2.7977
16075,16,Michoacán,Reyes--Los,61409,33407,54.4008,17023,12405,2830,1149,50.9564,37.1329,8.4713,13.8235
16076,16,Michoacán,Sahuayo,58839,34807,59.1563,16268,14478,3076,985,46.7377,41.5951,8.8373,5.1426
16077,16,Michoacán,San Lucas,14931,7054,47.244,4726,1815,236,277,66.9974,25.7301,3.3456,41.2673
16078,16,Michoacán,Santa Ana Maya,12287,6227,50.6796,4559,820,672,176,73.2134,13.1685,10.7917,60.0449
16079,16,Michoacán,Salvador Escalante,38067,22318,58.6282,10786,6471,3984,1077,48.3287,28.9945,17.8511,19.3342
16080,16,Michoacán,Senguio,16263,9878,60.7391,5644,2884,920,430,57.1371,29.1962,9.3136,27.9409
16081,16,Michoacán,Susupuato,7256,4388,60.4741,2579,811,705,293,58.7739,18.4822,16.0665,40.2917
16082,16,Michoacán,Tacambaro,60069,31896,53.0989,17689,8044,4693,1470,55.4584,25.2195,14.7134,30.2389
16083,16,Michoacán,Tancitaro,24187,11056,45.7105,4898,4150,1536,472,44.3017,37.5362,13.8929,6.7655
16084,16,Michoacán,Tangamandapio,25661,12087,47.1026,7558,3145,964,420,62.53,26.0197,7.9755,36.5103
16085,16,Michoacán,Tangancicuaro,30423,13465,44.2593,6298,5281,1439,447,46.7731,39.2202,10.687,7.5529
16086,16,Michoacán,Tanhuato,12369,6821,55.1459,3831,1601,1186,203,56.1648,23.4716,17.3875,32.6932
16087,16,Michoacán,Taretan,12326,7500,60.847,5049,1621,625,205,67.32,21.6133,8.3333,45.7067
16088,16,Michoacán,Tarimbaro,75806,43317,57.1419,24500,12176,5482,1159,56.5598,28.1091,12.6555,28.4507
16089,16,Michoacán,Tepalcatepec,17106,7691,44.9608,4446,2454,519,272,57.8078,31.9074,6.7481,25.9004
16090,16,Michoacán,Tingambato,8209,6168,75.137,3587,1871,469,241,58.155,30.334,7.6038,27.821
16091,16,Michoacán,Tingüindin,12288,7869,64.0381,3335,3159,1151,224,42.3815,40.1449,14.627,2.2366
16092,16,Michoacán,Tiquicheo de Nicolas Romero,10425,6947,66.6379,4658,1619,319,351,67.0505,23.305,4.5919,43.7455
16093,16,Michoacán,Tlalpujahua,20690,13137,63.4944,6620,3391,2656,470,50.392,25.8126,20.2177,24.5794
16094,16,Michoacán,Tlazazalca,8510,3654,42.9377,1940,1255,286,173,53.0925,34.3459,7.827,18.7466
16095,16,Michoacán,Tocumbo,10230,6326,61.8377,3561,2093,516,156,56.2915,33.0857,8.1568,23.2058
16096,16,Michoacán,Tumbiscatio,4969,2471,49.7283,1541,552,225,153,62.3634,22.3391,9.1056,40.0243
16097,16,Michoacán,Turicato,25755,13901,53.974,10550,1780,828,743,75.8938,12.8048,5.9564,63.089
16098,16,Michoacán,Tuxpan,20960,13305,63.4781,7731,3767,1348,459,58.106,28.3127,10.1315,29.7933
16099,16,Michoacán,Tuzantla,12313,7236,58.7672,3250,3139,592,255,44.9143,43.3803,8.1813,1.534
16100,16,Michoacán,Tzintzuntzan,12267,8068,65.77,5297,1188,1248,335,65.6544,14.7248,15.4685,50.1859
16101,16,Michoacán,Tzitzio,7902,4684,59.2761,2547,1677,218,242,54.3766,35.8027,4.6541,18.5739
16102,16,Michoacán,Uruapan,264981,148894,56.1904,80052,39622,23006,6214,53.7644,26.6109,15.4513,27.1535
16103,16,Michoacán,Venustiano Carranza,19839,12033,60.6533,7561,2394,1672,406,62.8355,19.8953,13.8951,42.9402
16104,16,Michoacán,Villamar,17111,7559,44.1763,4101,2402,775,281,54.2532,31.7767,10.2527,22.4765
16105,16,Michoacán,Vista Hermosa,16400,8236,50.2195,5213,1922,906,195,63.2953,23.3366,11.0005,39.9587
16106,16,Michoacán,Yurecuaro,24610,13497,54.8436,8420,3235,1372,470,62.3842,23.9683,10.1652,38.4159
16107,16,Michoacán,Zacapu,64009,35931,56.1343,22736,6456,5363,1376,63.2768,17.9678,14.9258,45.309
16108,16,Michoacán,Zamora,158745,74832,47.1398,40258,25292,7200,2082,53.7978,33.7984,9.6216,19.9994
16109,16,Michoacán,Zinaparo,3822,1912,50.0262,779,724,319,90,40.7427,37.8661,16.6841,2.8766
16110,16,Michoacán,Zinapecuaro,41546,21804,52.4816,11116,6316,3476,896,50.9815,28.9672,15.942,22.0143
16111,16,Michoacán,Ziracuaretiro,10358,6327,61.0832,3188,2073,892,174,50.3872,32.7643,14.0983,17.6229
16112,16,Michoacán,Zitacuaro,125273,70414,56.2084,37888,18664,10689,3173,53.8075,26.5061,15.1802,27.3014
16113,16,Michoacán,Jose Sixto Verduzco,21421,13042,60.8842,8536,1814,2064,628,65.4501,13.9089,15.8258,49.6243
17001,17,Morelos,Amacuzac,13796,7945,57.5892,5834,1065,842,204,73.4298,13.4047,10.5979,60.0251
17002,17,Morelos,Atlatlahucan,20395,14288,70.0564,9525,2974,1470,319,66.6643,20.8147,10.2884,45.8496
17003,17,Morelos,Axochiapan,28452,18226,64.0588,13776,1330,2649,471,75.5843,7.2973,14.5342,61.0501
17004,17,Morelos,Ayala,67404,38505,57.1257,27375,5694,4450,986,71.0947,14.7877,11.5569,56.307
17005,17,Morelos,Coatlan del Rio,8361,6022,72.0249,4264,736,833,189,70.807,12.2219,13.8326,56.9744
17006,17,Morelos,Cuautla,151254,91652,60.5948,58084,18599,13074,1895,63.3745,20.2931,14.2648,43.0814
17007,17,Morelos,Cuernavaca,327789,215055,65.6078,107706,77134,26184,4031,50.083,35.8671,12.1755,14.2159
17008,17,Morelos,Emiliano Zapata,71856,45020,62.6531,28643,9659,5830,888,63.6228,21.4549,12.9498,42.1679
17009,17,Morelos,Huitzilac,17055,12620,73.9959,7109,2563,2605,343,56.3312,20.309,20.6418,35.6894
17010,17,Morelos,Jantetelco,13907,10097,72.6037,7846,940,1163,148,77.7062,9.3097,11.5183,66.1879
17011,17,Morelos,Jiutepec,174383,107871,61.8587,66329,25466,13916,2160,61.4892,23.6078,12.9006,37.8814
17012,17,Morelos,Jojutla,49815,32008,64.2537,22184,5872,3342,610,69.3077,18.3454,10.4411,50.9623
17013,17,Morelos,Jonacatepec,12736,9069,71.2076,6767,993,1139,170,74.6168,10.9494,12.5593,62.0575
17014,17,Morelos,Mazatepec,8414,6205,73.7461,4709,672,679,145,75.8904,10.83,10.9428,64.9476
17015,17,Morelos,Miacatlan,12704,9045,71.198,6765,816,1267,197,74.7927,9.0216,14.0077,60.785
17016,17,Morelos,Ocuituco,14275,11312,79.2434,7859,1173,2034,246,69.4749,10.3695,17.9809,51.494
17017,17,Morelos,Puente de Ixtla,31910,19904,62.3754,13711,2776,2994,423,68.8857,13.9469,15.0422,53.8435
17018,17,Morelos,Temixco,92580,53943,58.2664,32660,13190,6834,1259,60.5454,24.4517,12.6689,36.0937
17019,17,Morelos,Tepalcingo,21473,14689,68.4068,11675,1076,1580,358,79.4812,7.3252,10.7563,68.7249
17020,17,Morelos,Tepoztlan,33512,23003,68.6411,15368,3193,3901,541,66.8087,13.8808,16.9587,49.85
17021,17,Morelos,Tetecala,6517,5136,78.8093,3566,579,850,141,69.4315,11.2734,16.5498,52.8817
17022,17,Morelos,Tetela del Volcan,10756,8028,74.6374,4708,875,2253,192,58.6447,10.8994,28.0643,30.5804
17023,17,Morelos,Tlalnepantla,5607,4019,71.6783,2980,442,508,89,74.1478,10.9978,12.64,61.5078
17024,17,Morelos,Tlaltizapan,40087,25750,64.2353,20254,2705,2252,539,78.6563,10.5049,8.7456,68.1514
17025,17,Morelos,Tlaquiltenango,26079,16581,63.5799,12141,2466,1626,348,73.2224,14.8724,9.8064,58.35
17026,17,Morelos,Tlayacapan,15264,11342,74.3056,7784,1078,2244,236,68.6299,9.5045,19.7849,48.845
17027,17,Morelos,Totolapan,8976,6431,71.6466,4929,570,805,127,76.6444,8.8633,12.5175,64.1269
17028,17,Morelos,Xochitepec,57024,34645,60.7551,22537,7410,3849,849,65.0512,21.3884,11.1098,43.6628
17029,17,Morelos,Yautepec,83079,49892,60.0537,33912,8684,6214,1082,67.9708,17.4056,12.4549,50.5652
17030,17,Morelos,Yecapixtla,40063,24861,62.0548,17127,4006,3137,591,68.891,16.1136,12.6182,52.7774
17031,17,Morelos,Zacatepec de Hidalgo,30262,20371,67.3154,15080,2524,2458,309,74.0268,12.3902,12.0662,61.6366
17032,17,Morelos,Zacualpan de Amilpas,7896,6215,78.7107,4670,471,931,143,75.1408,7.5784,14.9799,60.1609
17033,17,Morelos,Temoac,12066,8909,73.8356,7066,815,862,166,79.3131,9.1481,9.6756,69.6375
17034,17,Morelos,Coatetelco,8381,4467,53.2991,3628,359,342,138,81.2178,8.0367,7.6561,73.1811
17035,17,Morelos,Xoxocotla,20476,9771,47.7193,8260,710,648,153,84.5359,7.2664,6.6319,77.2695
17036,17,Morelos,Hueyapan,5814,3598,61.8851,2767,313,447,71,76.9038,8.6993,12.4236,64.4802
18001,18,Nayarit,Acaponeta,27824,17372,62.4353,11648,3131,2068,525,67.0504,18.0233,11.9042,49.0271
18002,18,Nayarit,Ahuacatlan,12879,8003,62.1399,4857,1440,1459,247,60.6897,17.9933,18.2307,42.459
18003,18,Nayarit,Amatlan de Cañas,10068,6723,66.7759,3739,1269,1466,249,55.6151,18.8755,21.8057,33.8094
18004,18,Nayarit,Compostela,63980,32563,50.8956,22485,5324,3808,946,69.0508,16.3498,11.6943,52.701
18005,18,Nayarit,Huajicori,8752,5958,68.0759,3784,689,1327,158,63.5112,11.5643,22.2726,41.2386
18006,18,Nayarit,Ixtlan del Rio,23432,14663,62.5768,9025,3787,1468,383,61.5495,25.8269,10.0116,35.7226
18007,18,Nayarit,Jala,14745,10104,68.5249,6307,2445,999,353,62.4208,24.1983,9.8872,38.2225
18008,18,Nayarit,Xalisco,48176,27375,56.8229,16308,6002,4500,565,59.5726,21.9251,16.4384,37.6475
18009,18,Nayarit,Nayar--El,30831,18362,59.5569,9933,3957,3330,1142,54.0954,21.5499,18.1353,32.5455
18010,18,Nayarit,Rosamorada,27113,17355,64.0099,11812,3328,1672,543,68.0611,19.176,9.6341,48.8851
18011,18,Nayarit,Ruiz,18935,11474,60.5968,7485,1843,1670,476,65.2344,16.0624,14.5546,49.172
18012,18,Nayarit,San Blas,32005,21055,65.7866,14552,3660,2050,793,69.1142,17.383,9.7364,51.7312
18013,18,Nayarit,San Pedro Lagunillas,7118,4482,62.9671,2533,1152,618,179,56.5149,25.7028,13.7885,30.8121
18014,18,Nayarit,Santa Maria del Oro,20045,12831,64.011,8657,1985,1629,560,67.4694,15.4703,12.6958,51.9991
18015,18,Nayarit,Santiago Ixcuintla,74750,43265,57.8796,30907,4175,7052,1131,71.4365,9.6498,16.2995,55.137
18016,18,Nayarit,Tecuala,29342,18934,64.5287,14211,2746,1440,537,75.0555,14.503,7.6054,60.5525
18017,18,Nayarit,Tepic,329420,183354,55.6596,105383,45073,28986,3912,57.4752,24.5825,15.8088,32.8927
18018,18,Nayarit,Tuxpan,23767,15908,66.9331,12059,1695,1780,374,75.8046,10.655,11.1893,64.6153
18019,18,Nayarit,Yesca--La,8595,5653,65.7708,3169,1017,1207,260,56.0587,17.9904,21.3515,34.7072
18020,18,Nayarit,Bahia de Banderas,139756,64722,46.3107,42734,14435,6051,1502,66.027,22.3031,9.3492,43.7239
19001,19,Nuevo León,Abasolo,2596,1836,70.7242,961,326,489,60,52.342,17.756,26.634,25.708
19002,19,Nuevo León,Agualeguas,4583,3315,72.3325,963,1372,859,121,29.0498,41.3876,25.9125,-12.3378
19003,19,Nuevo León,Aldamas--Los,2195,1385,63.0979,379,575,366,65,27.3646,41.5162,26.426,-14.1516
19004,19,Nuevo León,Allende,31211,16609,53.2152,6318,6924,2948,419,38.0396,41.6882,17.7494,-3.6486
19005,19,Nuevo León,Anahuac,14690,10161,69.1695,4765,2852,2179,365,46.895,28.0681,21.4447,18.8269
19006,19,Nuevo León,Apodaca,486350,282474,58.0804,137955,81344,58015,5160,48.8381,28.797,20.5382,20.0411
19007,19,Nuevo León,Aramberri,12641,10411,82.359,3549,3229,3045,588,34.0889,31.0153,29.2479,3.0736
19008,19,Nuevo León,Bustamante,3529,2876,81.4962,1156,868,793,59,40.1947,30.1808,27.573,10.0139
19009,19,Nuevo León,Cadereyta Jimenez,93702,46294,49.4056,28628,9013,7400,1253,61.8395,19.469,15.9848,42.3705
19010,19,Nuevo León,Carmen,48786,20817,42.67,14234,1823,4242,518,68.3768,8.7573,20.3776,47.9992
19011,19,Nuevo León,Cerralvo,7562,4379,57.908,1473,1206,1530,170,33.6378,27.5405,34.9395,-1.3017
19012,19,Nuevo León,Cienega de Flores,50126,23249,46.381100000000004,15273,3179,4361,436,65.6931,13.6737,18.7578,46.9353
19013,19,Nuevo León,China,10567,7235,68.4679,4366,1391,1309,169,60.3455,19.226,18.0926,41.1195
19014,19,Nuevo León,Doctor Arroyo,30230,22703,75.1009,11619,8977,1433,674,51.1783,39.541,6.3119,11.6373
19015,19,Nuevo León,Doctor Coss,2900,1871,64.5172,887,455,454,75,47.4078,24.3185,24.2651,23.0893
19016,19,Nuevo León,Doctor Gonzalez,3331,2348,70.4893,941,790,565,52,40.0767,33.6457,24.063,6.431
19017,19,Nuevo León,Galeana,30786,21039,68.3395,8225,7145,4398,1271,39.0941,33.9607,20.904,5.1334
19018,19,Nuevo León,Garcia,247937,120927,48.7733,74232,22427,22613,1655,61.3858,18.5459,18.6997,42.6861
19019,19,Nuevo León,San Pedro Garza Garcia,112767,82316,72.9965,14442,60538,6374,962,17.5446,73.5434,7.7433,-55.9988
19020,19,Nuevo León,General Bravo,6497,4163,64.0757,1881,1845,366,71,45.1838,44.319,8.7917,0.8648
19021,19,Nuevo León,General Escobedo,345532,173269,50.1456,91084,44723,34274,3188,52.568,25.8113,19.7808,26.7567
19022,19,Nuevo León,General Teran,13935,8144,58.4428,2763,2524,2513,344,33.9268,30.9921,30.8571,2.9347
19023,19,Nuevo León,General Treviño,2134,1375,64.433,360,600,378,37,26.1818,43.6364,27.4909,-17.4546
19024,19,Nuevo León,General Zaragoza,5131,4128,80.4522,1993,769,1050,316,48.28,18.6289,25.436,22.844
19025,19,Nuevo León,General Zuazua,58333,28497,48.8523,18673,3455,5893,476,65.5262,12.1241,20.6794,44.8468
19026,19,Nuevo León,Guadalupe,553206,324355,58.6319,149271,106695,61685,6704,46.0209,32.8945,19.0177,13.1264
19027,19,Nuevo León,Herreras--Los,3073,2143,69.7364,902,681,469,91,42.0905,31.7779,21.8852,10.3126
19028,19,Nuevo León,Higueras,1541,1217,78.9747,454,565,169,29,37.3048,46.4256,13.8866,-9.1208
19029,19,Nuevo León,Hualahuises,6568,4489,68.3465,1428,1693,1220,148,31.8111,37.7144,27.1775,-5.9033
19030,19,Nuevo León,Iturbide,3299,2731,82.7827,1356,209,1077,89,49.6521,7.6529,39.4361,10.216
19031,19,Nuevo León,Juarez,302856,144153,47.5979,80018,26245,34775,3115,55.5091,18.2064,24.1237,31.3854
19032,19,Nuevo León,Lampazos de Naranjo,5240,3623,69.1412,1289,1553,657,124,35.5783,42.865,18.1341,-7.2867
19033,19,Nuevo León,Linares,68804,34194,49.6977,19475,8914,4911,894,56.9544,26.0689,14.3622,30.8855
19034,19,Nuevo León,Marin,5319,3636,68.3587,1952,638,948,98,53.6854,17.5468,26.0726,27.6128
19035,19,Nuevo León,Melchor Ocampo,2087,1460,69.9569,828,389,183,60,56.7123,26.6438,12.5342,30.0685
19036,19,Nuevo León,Mier y Noriega,6927,4924,71.0842,2749,1007,1038,130,55.8286,20.4509,21.0804,34.7482
19037,19,Nuevo León,Mina,5093,3459,67.9167,1525,381,1430,123,44.0879,11.0147,41.3414,2.7465
19038,19,Nuevo León,Montemorelos,57737,28143,48.7434,14131,8677,4549,786,50.2114,30.8318,16.1639,19.3796
19039,19,Nuevo León,Monterrey,963363,593183,61.5742,217358,275513,87736,12576,36.6427,46.4465,14.7907,-9.8038
19040,19,Nuevo León,Paras,2195,1784,81.2756,493,933,318,40,27.6345,52.2982,17.8251,-24.6637
19041,19,Nuevo León,Pesqueria,91959,39151,42.5744,25353,5535,7490,773,64.757,14.1376,19.1311,45.6259
19042,19,Nuevo León,Ramones--Los,5936,3267,55.0371,1454,1370,314,129,44.5057,41.9345,9.6113,2.5712
19043,19,Nuevo León,Rayones,3040,2461,80.9539,686,1354,331,90,27.8748,55.0183,13.4498,-27.1435
19044,19,Nuevo León,Sabinas Hidalgo,30770,19209,62.4277,8925,5615,4129,540,46.4626,29.2311,21.4951,17.2315
19045,19,Nuevo León,Salinas Victoria,60917,27138,44.5491,15037,3180,8203,718,55.4094,11.7179,30.227,25.1824
19046,19,Nuevo León,San Nicolas de los Garza,360375,231263,64.1729,88205,102014,36865,4179,38.1406,44.1117,15.9407,-5.9711
19047,19,Nuevo León,Hidalgo,13313,8887,66.7543,5388,1321,2040,138,60.6279,14.8644,22.9549,37.673
19048,19,Nuevo León,Santa Catarina,235987,135297,57.3324,60192,42196,30050,2859,44.4888,31.1877,22.2104,13.3011
19049,19,Nuevo León,Santiago,44318,28835,65.0639,9158,15978,3169,530,31.76,55.4118,10.9901,-23.6518
19050,19,Nuevo León,Vallecillo,2445,1717,70.2249,1141,422,122,32,66.4531,24.5778,7.1054,41.8753
19051,19,Nuevo León,Villaldama,3841,2854,74.3036,1480,365,939,70,51.857,12.7891,32.9012,18.9558
20001,20,Oaxaca,Abejones,721,369,51.1789,331,13,10,15,89.7019,3.523,2.71,86.1789
20002,20,Oaxaca,Acatlan de Perez Figueroa,32348,22341,69.0645,18131,2041,1486,683,81.1557,9.1357,6.6514,72.02
20003,20,Oaxaca,Asuncion Cacalotepec,1814,955,52.6461,798,91,22,44,83.5602,9.5288,2.3037,74.0314
20004,20,Oaxaca,Asuncion Cuyotepeji,843,601,71.293,282,239,55,25,46.9218,39.7671,9.1514,7.1547
20005,20,Oaxaca,Asuncion Ixtaltepec,12487,9415,75.3984,7449,577,1198,191,79.1184,6.1285,12.7244,66.394
20006,20,Oaxaca,Asuncion Nochixtlan,15047,11621,77.2313,8827,1546,1007,241,75.9573,13.3035,8.6653,62.6538
20007,20,Oaxaca,Asuncion Ocotlan,2444,1449,59.2881,1071,161,79,138,73.913,11.1111,5.452,62.8019
20008,20,Oaxaca,Asuncion Tlacolulita,644,373,57.9193,335,25,6,7,89.8123,6.7024,1.6086,83.1099
20009,20,Oaxaca,Ayotzintepec,5303,3267,61.6066,2394,565,138,170,73.2782,17.2942,4.2241,55.984
20010,20,Oaxaca,Barrio de la Soledad--El,10579,6968,65.8663,5774,678,408,108,82.8645,9.7302,5.8553,73.1343
20011,20,Oaxaca,Calihuala,908,444,48.8987,380,40,14,10,85.5856,9.009,3.1532,76.5766
20012,20,Oaxaca,Candelaria Loxicha,7667,3586,46.7719,2933,449,91,113,81.7903,12.5209,2.5376,69.2694
20013,20,Oaxaca,Cienega de Zimatlan,2607,1736,66.59,1107,399,156,74,63.7673,22.9839,8.9862,40.7834
20014,20,Oaxaca,Ciudad Ixtepec,23199,15547,67.0158,12678,1618,1037,214,81.5463,10.4072,6.6701,71.1391
20015,20,Oaxaca,Coatecas Altas,4335,2135,49.2503,1693,248,86,108,79.2974,11.6159,4.0281,67.6815
20016,20,Oaxaca,Coicoyan de las Flores,6017,2214,36.7957,1789,238,40,147,80.804,10.7498,1.8067,70.0542
20017,20,Oaxaca,Compañia--La,2868,1458,50.8368,1196,162,41,59,82.0302,11.1111,2.8121,70.9191
20018,20,Oaxaca,Concepcion Buenavista,584,335,57.363,282,37,6,10,84.1791,11.0448,1.791,73.1343
20019,20,Oaxaca,Concepcion Papalo,2160,1429,66.1574,1167,159,59,44,81.6655,11.1267,4.1288,70.5388
20020,20,Oaxaca,Constancia del Rosario,3300,1863,56.4545,1784,39,21,19,95.7595,2.0934,1.1272,93.6661
20021,20,Oaxaca,Cosolapa,9658,6386,66.1214,5230,525,440,191,81.8979,8.2211,6.8901,73.6768
20022,20,Oaxaca,Cosoltepec,617,385,62.3987,267,94,16,8,69.3506,24.4156,4.1558,44.935
20023,20,Oaxaca,Cuilapam de Guerrero,20517,13470,65.6529,9720,1619,1779,352,72.1604,12.0193,13.2071,58.9533
20024,20,Oaxaca,Cuyamecalco Villa de Zaragoza,2483,1347,54.2489,1019,212,53,63,75.6496,15.7387,3.9347,59.9109
20025,20,Oaxaca,Chahuites,8733,5302,60.7122,4171,420,586,125,78.6684,7.9215,11.0524,67.616
20026,20,Oaxaca,Chalcatongo de Hidalgo,6905,5377,77.8711,4394,384,405,194,81.7184,7.1415,7.5321,74.1863
20027,20,Oaxaca,Chiquihuitlan de Benito Juarez,1606,1029,64.0722,656,292,51,30,63.7512,28.3771,4.9563,35.3741
20028,20,Oaxaca,Heroica Ciudad de Ejutla de Crespo,17849,11770,65.9421,8742,1401,1186,441,74.2736,11.9031,10.0765,62.3705
20029,20,Oaxaca,Eloxochitlan de Flores Magon,2743,1273,46.409,768,349,39,117,60.3299,27.4156,3.0636,32.9143
20030,20,Oaxaca,Espinal--El,7159,5532,77.2734,4529,724,198,81,81.8691,13.0875,3.5792,68.7816
20031,20,Oaxaca,Tamazulapam del Espiritu Santo,5369,2645,49.2643,2184,290,70,101,82.5709,10.9641,2.6465,71.6068
20032,20,Oaxaca,Fresnillo de Trujano,805,520,64.5963,470,37,8,5,90.3846,7.1154,1.5385,83.2692
20033,20,Oaxaca,Guadalupe Etla,2291,1209,52.7717,902,179,114,14,74.6071,14.8056,9.4293,59.8015
20034,20,Oaxaca,Guadalupe de Ramirez,1099,690,62.7843,532,127,19,12,77.1014,18.4058,2.7536,58.6956
20035,20,Oaxaca,Guelatao de Juarez,444,275,61.9369,235,23,13,4,85.4545,8.3636,4.7273,77.0909
20036,20,Oaxaca,Guevea de Humboldt,4076,1715,42.0756,1443,228,19,25,84.1399,13.2945,1.1079,70.8454
20037,20,Oaxaca,Mesones Hidalgo,3439,1340,38.9648,1199,56,33,52,89.4776,4.1791,2.4627,85.2985
20038,20,Oaxaca,Villa Hidalgo,1429,648,45.3464,610,18,9,11,94.1358,2.7778,1.3889,91.358
20039,20,Oaxaca,Heroica Ciudad de Huajuapam de Leon,63180,37613,59.5331,25646,7900,3242,825,68.1839,21.0034,8.6194,47.1805
20040,20,Oaxaca,Huautepec,4504,3541,78.619,1861,1042,105,533,52.5558,29.4267,2.9653,23.1291
20041,20,Oaxaca,Huautla de Jimenez,22254,16982,76.3099,10282,5658,561,481,60.5465,33.3176,3.3035,27.2289
20042,20,Oaxaca,Ixtlan de Juarez,5792,3634,62.7417,3002,338,222,72,82.6087,9.301,6.109,73.3077
20043,20,Oaxaca,Juchitan de Zaragoza,79104,50035,63.2522,44201,3052,2010,772,88.3402,6.0997,4.0172,82.2405
20044,20,Oaxaca,Loma Bonita,29097,18569,63.8176,14676,2601,899,393,79.035,14.0072,4.8414,65.0278
20045,20,Oaxaca,Magdalena Apasco,6033,3454,57.2518,2626,446,323,59,76.0278,12.9126,9.3515,63.1152
20046,20,Oaxaca,Magdalena Jaltepec,2391,1155,48.3061,959,121,49,26,83.0303,10.4762,4.2424,72.5541
20047,20,Oaxaca,Santa Magdalena Jicotlan,71,56,78.8732,44,6,6,0,78.5714,10.7143,10.7143,67.8571
20048,20,Oaxaca,Magdalena Mixtepec,863,358,41.4832,275,55,9,19,76.8156,15.3631,2.514,61.4525
20049,20,Oaxaca,Magdalena Ocotlan,879,723,82.2526,558,110,32,23,77.1784,15.2144,4.426,61.964
20050,20,Oaxaca,Magdalena Peñasco,2812,1428,50.7824,1263,83,39,43,88.4454,5.8123,2.7311,82.6331
20051,20,Oaxaca,Magdalena Teitipac,3313,868,26.1998,796,27,7,38,91.7051,3.1106,0.8065,88.5945
20052,20,Oaxaca,Magdalena Tequisistlan,5514,4286,77.7294,3789,179,255,63,88.4041,4.1764,5.9496,82.4545
20053,20,Oaxaca,Magdalena Tlacotepec,1148,989,86.1498,852,37,79,21,86.1476,3.7412,7.9879,78.1597
20054,20,Oaxaca,Magdalena Zahuatlan,322,199,61.8012,169,12,15,3,84.9246,6.0302,7.5377,77.3869
20055,20,Oaxaca,Mariscala de Juarez,2935,1935,65.9284,1475,347,55,58,76.2274,17.9328,2.8424,58.2946
20056,20,Oaxaca,Martires de Tacubaya,1112,785,70.5935,684,72,19,10,87.1338,9.172,2.4204,77.9618
20057,20,Oaxaca,Matias Romero,29964,18866,62.9622,15162,2304,1025,375,80.3668,12.2124,5.4331,68.1544
20058,20,Oaxaca,Mazatlan Villa de Flores,8542,4566,53.4535,3425,711,109,321,75.011,15.5716,2.3872,59.4394
20059,20,Oaxaca,Miahuatlan de Porfirio Diaz,37308,25029,67.0875,20422,2075,1648,884,81.5934,8.2904,6.5844,73.303
20060,20,Oaxaca,Mixistlan de la Reforma,1868,1037,55.5139,885,95,18,39,85.3423,9.161,1.7358,76.1813
20061,20,Oaxaca,Monjas,2382,1024,42.9891,785,141,61,37,76.6602,13.7695,5.957,62.8907
20062,20,Oaxaca,Natividad,396,215,54.2929,167,35,10,3,77.6744,16.2791,4.6512,61.3953
20063,20,Oaxaca,Nazareno Etla,3635,2083,57.304,1613,279,148,43,77.4364,13.3941,7.1051,64.0423
20064,20,Oaxaca,Nejapa de Madero,5976,3187,53.33,2807,251,71,58,88.0766,7.8757,2.2278,80.2009
20065,20,Oaxaca,Ixpantepec Nieves,1051,425,40.4377,396,13,9,7,93.1765,3.0588,2.1176,90.1177
20066,20,Oaxaca,Santiago Niltepec,4459,3355,75.2411,2911,282,112,50,86.766,8.4054,3.3383,78.3606
20067,20,Oaxaca,Oaxaca de Juarez,230636,148129,64.2263,92458,38472,14660,2539,62.4172,25.972,9.8968,36.4452
20068,20,Oaxaca,Ocotlan de Morelos,18209,13000,71.3933,9044,1547,2034,375,69.5692,11.9,15.6462,53.923
20069,20,Oaxaca,Pe--La,2104,943,44.8194,715,155,24,49,75.8218,16.4369,2.5451,59.3849
20070,20,Oaxaca,Pinotepa de Don Luis,4790,3512,73.3194,3066,320,69,57,87.3007,9.1116,1.9647,78.1891
20071,20,Oaxaca,Pluma Hidalgo,2586,1422,54.9884,1158,151,50,63,81.4346,10.6188,3.5162,70.8158
20072,20,Oaxaca,San Jose del Progreso,5749,3035,52.7918,2353,359,225,98,77.5288,11.8287,7.4135,65.7001
20073,20,Oaxaca,Putla Villa de Guerrero,25844,15342,59.3639,12827,1353,682,480,83.6071,8.8189,4.4453,74.7882
20074,20,Oaxaca,Santa Catarina Quioquitani,366,212,57.9235,202,6,2,2,95.283,2.8302,0.9434,92.4528
20075,20,Oaxaca,Reforma de Pineda,2332,1676,71.8696,1382,180,78,36,82.4582,10.7399,4.6539,71.7183
20076,20,Oaxaca,Reforma--La,2523,0,0,0,0,0,0,NA,NA,NA,NA
20077,20,Oaxaca,Reyes Etla,3107,1776,57.1612,1405,214,131,26,79.1104,12.0495,7.3761,67.0609
20078,20,Oaxaca,Rojas de Cuauhtemoc,972,549,56.4815,435,62,35,17,79.235,11.2933,6.3752,67.9417
20079,20,Oaxaca,Salina Cruz,67445,43303,64.2049,37080,3256,2313,654,85.6292,7.5191,5.3414,78.1101
20080,20,Oaxaca,San Agustin Amatengo,1247,944,75.7017,731,137,42,34,77.4364,14.5127,4.4492,62.9237
20081,20,Oaxaca,San Agustin Atenango,1583,848,53.5692,617,171,28,32,72.7594,20.1651,3.3019,52.5943
20082,20,Oaxaca,San Agustin Chayuco,3099,1618,52.2104,1308,195,59,56,80.8405,12.0519,3.6465,68.7886
20083,20,Oaxaca,San Agustin de las Juntas,8341,4179,50.1019,3003,628,472,76,71.8593,15.0275,11.2946,56.8318
20084,20,Oaxaca,San Agustin Etla,3499,2089,59.7028,1494,305,246,44,71.5175,14.6003,11.776,56.9172
20085,20,Oaxaca,San Agustin Loxicha,17590,8366,47.5611,6468,1375,193,330,77.3129,16.4356,2.307,60.8773
20086,20,Oaxaca,San Agustin Tlacotepec,688,350,50.8721,321,17,8,4,91.7143,4.8571,2.2857,86.8572
20087,20,Oaxaca,San Agustin Yatareni,3718,1158,31.1458,821,197,119,21,70.8981,17.0121,10.2763,53.886
20088,20,Oaxaca,San Andres Cabecera Nueva,2100,1452,69.1429,1236,118,45,53,85.124,8.1267,3.0992,76.9973
20089,20,Oaxaca,San Andres Dinicuiti,1808,970,53.6504,669,220,43,38,68.9691,22.6804,4.433,46.2887
20090,20,Oaxaca,San Andres Huaxpaltepec,4649,3234,69.5633,2708,189,274,63,83.7353,5.8442,8.4725,75.2628
20091,20,Oaxaca,San Andres Huayapam,4400,2495,56.7045,1426,808,213,48,57.1543,32.3848,8.5371,24.7695
20092,20,Oaxaca,San Andres Ixtlahuaca,1341,754,56.2267,624,74,43,13,82.7586,9.8143,5.7029,72.9443
20093,20,Oaxaca,San Andres Lagunas,390,244,62.5641,228,8,2,6,93.4426,3.2787,0.8197,90.1639
20094,20,Oaxaca,San Andres Nuxiño,1436,639,44.4986,453,146,23,17,70.892,22.8482,3.5994,48.0438
20095,20,Oaxaca,San Andres Paxtlan,3309,1167,35.2675,770,262,44,91,65.9811,22.4507,3.7704,43.5304
20096,20,Oaxaca,San Andres Sinaxtla,609,353,57.9639,269,45,29,10,76.204,12.7479,8.2153,63.4561
20097,20,Oaxaca,San Andres Solaga,1318,600,45.5235,541,32,13,14,90.1667,5.3333,2.1667,84.8334
20098,20,Oaxaca,San Andres Teotilalpam,2918,1694,58.0535,1261,276,77,80,74.4392,16.2928,4.5455,58.1464
20099,20,Oaxaca,San Andres Tepetlapa,299,107,35.786,85,15,4,3,79.4393,14.0187,3.7383,65.4206
20100,20,Oaxaca,San Andres Yaa,315,201,63.8095,185,6,6,4,92.0398,2.9851,2.9851,89.0547
20101,20,Oaxaca,San Andres Zabache,624,277,44.391,205,30,22,20,74.0072,10.8303,7.9422,63.1769
20102,20,Oaxaca,San Andres Zautla,3302,2337,70.7753,1662,522,128,25,71.1168,22.3363,5.4771,48.7805
20103,20,Oaxaca,San Antonino Castillo Velasco,4516,2893,64.0611,2130,343,329,91,73.626,11.8562,11.3723,61.7698
20104,20,Oaxaca,San Antonino El Alto,1986,886,44.6123,751,73,39,23,84.763,8.2393,4.4018,76.5237
20105,20,Oaxaca,San Antonino Monte Verde,5660,2764,48.8339,1961,511,74,218,70.9479,18.4877,2.6773,52.4602
20106,20,Oaxaca,San Antonio Acutla,217,141,64.977,122,5,5,9,86.5248,3.5461,3.5461,82.9787
20107,20,Oaxaca,San Antonio de la Cal,18821,8981,47.718,6693,1195,930,163,74.524,13.3059,10.3552,61.2181
20108,20,Oaxaca,San Antonio Huitepec,2178,1301,59.7337,1227,27,23,24,94.3121,2.0753,1.7679,92.2368
20109,20,Oaxaca,San Antonio Nanahuatipam,1025,642,62.6341,579,28,26,9,90.1869,4.3614,4.0498,85.8255
20110,20,Oaxaca,San Antonio Sinicahua,1170,591,50.5128,507,43,11,30,85.7868,7.2758,1.8613,78.511
20111,20,Oaxaca,San Antonio Tepetlapa,3117,907,29.0985,774,65,15,53,85.3363,7.1665,1.6538,78.1698
20112,20,Oaxaca,San Baltazar Chichicapam,2249,1320,58.6928,1096,92,82,50,83.0303,6.9697,6.2121,76.0606
20113,20,Oaxaca,San Baltazar Loxicha,2251,943,41.8925,775,104,37,27,82.1845,11.0286,3.9236,71.1559
20114,20,Oaxaca,San Baltazar Yatzachi El Bajo,519,289,55.684,272,5,2,10,94.1176,1.7301,0.692,92.3875
20115,20,Oaxaca,San Bartolo Coyotepec,7798,5698,73.07,4030,978,606,84,70.7266,17.1639,10.6353,53.5627
20116,20,Oaxaca,San Bartolome Ayautla,2964,2397,80.8704,1632,301,85,379,68.0851,12.5574,3.5461,55.5277
20117,20,Oaxaca,San Bartolome Loxicha,1591,639,40.1634,510,69,28,32,79.8122,10.7981,4.3818,69.0141
20118,20,Oaxaca,San Bartolome Quialana,2186,652,29.8262,525,87,20,20,80.5215,13.3436,3.0675,67.1779
20119,20,Oaxaca,San Bartolome Yucuañe,293,158,53.9249,148,4,5,1,93.6709,2.5316,3.1646,90.5063
20120,20,Oaxaca,San Bartolome Zoogocho,251,83,33.0677,68,9,3,3,81.9277,10.8434,3.6145,71.0843
20121,20,Oaxaca,San Bartolo Soyaltepec,488,316,64.7541,286,15,11,4,90.5063,4.7468,3.481,85.7595
20122,20,Oaxaca,San Bartolo Yautepec,514,311,60.5058,272,12,12,15,87.4598,3.8585,3.8585,83.6013
20123,20,Oaxaca,San Bernardo Mixtepec,2098,919,43.8036,781,70,39,29,84.9837,7.617,4.2437,77.3667
20124,20,Oaxaca,San Blas Atempa,15550,10969,70.5402,8882,1571,280,236,80.9737,14.3222,2.5526,66.6515
20125,20,Oaxaca,San Carlos Yautepec,8001,3849,48.1065,3394,311,70,74,88.1787,8.08,1.8187,80.0987
20126,20,Oaxaca,San Cristobal Amatlan,3967,2134,53.7938,1826,130,61,117,85.567,6.0918,2.8585,79.4752
20127,20,Oaxaca,San Cristobal Amoltepec,937,445,47.492,409,11,16,9,91.9101,2.4719,3.5955,88.3146
20128,20,Oaxaca,San Cristobal Lachirioag,1023,660,64.5161,585,32,13,30,88.6364,4.8485,1.9697,83.7879
20129,20,Oaxaca,San Cristobal Suchixtlahuaca,260,140,53.8462,118,11,9,2,84.2857,7.8571,6.4286,76.4286
20130,20,Oaxaca,San Dionisio del Mar,4250,3063,72.0706,1808,986,67,202,59.0271,32.1907,2.1874,26.8364
20131,20,Oaxaca,San Dionisio Ocotepec,8495,2968,34.9382,2109,577,146,136,71.058,19.4407,4.9191,51.6173
20132,20,Oaxaca,San Dionisio Ocotlan,1023,606,59.2375,463,87,44,12,76.4026,14.3564,7.2607,62.0462
20133,20,Oaxaca,San Esteban Atatlahuca,2921,1730,59.2263,1565,75,40,50,90.4624,4.3353,2.3121,86.1271
20134,20,Oaxaca,San Felipe Jalapa de Diaz,20981,17423,83.0418,9078,1474,6510,361,52.1035,8.4601,37.3644,14.7391
20135,20,Oaxaca,San Felipe Tejalapam,5897,2363,40.0712,1971,222,113,57,83.4109,9.3948,4.7821,74.0161
20136,20,Oaxaca,San Felipe Usila,9231,7803,84.5304,4573,2921,239,70,58.6057,37.4343,3.0629,21.1714
20137,20,Oaxaca,San Francisco Cahuacua,2410,1143,47.4274,1010,86,22,25,88.364,7.5241,1.9248,80.8399
20138,20,Oaxaca,San Francisco Cajonos,378,204,53.9683,195,6,0,3,95.5882,2.9412,0,92.647
20139,20,Oaxaca,San Francisco Chapulapa,1404,684,48.7179,511,131,23,19,74.7076,19.152,3.3626,55.5556
20140,20,Oaxaca,San Francisco Chindua,601,315,52.4126,268,21,24,2,85.0794,6.6667,7.619,77.4604
20141,20,Oaxaca,San Francisco del Mar,6774,5027,74.2102,4415,471,48,93,87.8257,9.3694,0.9548,78.4563
20142,20,Oaxaca,San Francisco Huehuetlan,593,319,53.7943,234,54,8,23,73.3542,16.9279,2.5078,56.4263
20143,20,Oaxaca,San Francisco Ixhuatan,7672,5505,71.7544,4875,323,217,90,88.5559,5.8674,3.9419,82.6885
20144,20,Oaxaca,San Francisco Jaltepetongo,801,468,58.427,370,74,13,11,79.0598,15.812,2.7778,63.2478
20145,20,Oaxaca,San Francisco Lachigolo,3326,1538,46.2417,1071,304,134,29,69.6359,19.7659,8.7126,49.87
20146,20,Oaxaca,San Francisco Logueche,2067,932,45.0895,684,158,50,40,73.3906,16.9528,5.3648,56.4378
20147,20,Oaxaca,San Francisco Nuxaño,284,144,50.7042,118,15,7,4,81.9444,10.4167,4.8611,71.5277
20148,20,Oaxaca,San Francisco Ozolotepec,1427,607,42.5368,524,50,11,22,86.3262,8.2372,1.8122,78.089
20149,20,Oaxaca,San Francisco Sola,1398,599,42.8469,493,70,13,23,82.3038,11.6861,2.1703,70.6177
20150,20,Oaxaca,San Francisco Telixtlahuaca,10442,7753,74.2482,5903,1141,613,96,76.1383,14.7169,7.9066,61.4214
20151,20,Oaxaca,San Francisco Teopan,242,161,66.5289,145,12,2,2,90.0621,7.4534,1.2422,82.6087
20152,20,Oaxaca,San Francisco Tlapancingo,1637,692,42.2724,535,92,20,45,77.3121,13.2948,2.8902,64.0173
20153,20,Oaxaca,San Gabriel Mixtepec,3643,2104,57.7546,1485,495,63,61,70.5798,23.5266,2.9943,47.0532
20154,20,Oaxaca,San Ildefonso Amatlan,1802,813,45.1165,521,195,56,41,64.0836,23.9852,6.8881,40.0984
20155,20,Oaxaca,San Ildefonso Sola,683,246,36.0176,190,34,9,13,77.2358,13.8211,3.6585,63.4147
20156,20,Oaxaca,San Ildefonso Villa Alta,2812,1259,44.7724,1158,60,20,21,91.9778,4.7657,1.5886,87.2121
20157,20,Oaxaca,San Jacinto Amilpas,12609,8473,67.198,5297,1920,1110,146,62.5162,22.6602,13.1004,39.856
20158,20,Oaxaca,San Jacinto Tlacotepec,1740,706,40.5747,611,44,9,42,86.5439,6.2323,1.2748,80.3116
20159,20,Oaxaca,San Jeronimo Coatlan,3573,1516,42.4293,1209,208,60,39,79.7493,13.7203,3.9578,66.029
20160,20,Oaxaca,San Jeronimo Silacayoapilla,1177,654,55.565,285,287,54,28,43.578,43.8838,8.2569,-0.3058
20161,20,Oaxaca,San Jeronimo Sosola,1994,1053,52.8084,889,105,38,21,84.4255,9.9715,3.6087,74.454
20162,20,Oaxaca,San Jeronimo Taviche,1439,581,40.3753,454,97,15,15,78.1411,16.6954,2.5818,61.4457
20163,20,Oaxaca,San Jeronimo Tecoatl,1112,596,53.5971,465,74,20,37,78.0201,12.4161,3.3557,65.604
20164,20,Oaxaca,San Jorge Nuchita,2361,760,32.1898,689,35,12,24,90.6579,4.6053,1.5789,86.0526
20165,20,Oaxaca,San Jose Ayuquila,1165,488,41.8884,367,81,25,15,75.2049,16.5984,5.123,58.6065
20166,20,Oaxaca,San Jose Chiltepec,8670,5722,65.9977,4476,350,791,105,78.2244,6.1167,13.8238,64.4006
20167,20,Oaxaca,San Jose del Peñasco,1603,522,32.5639,316,164,24,18,60.5364,31.4176,4.5977,29.1188
20168,20,Oaxaca,San Jose Estancia Grande,771,554,71.8547,339,52,138,25,61.1913,9.3863,24.9097,36.2816
20169,20,Oaxaca,San Jose Independencia,3481,2877,82.6487,2500,275,68,34,86.8961,9.5586,2.3636,77.3375
20170,20,Oaxaca,San Jose Lachiguiri,3083,1376,44.6319,1043,178,75,80,75.7994,12.936,5.4506,62.8634
20171,20,Oaxaca,San Jose Tenango,12607,9893,78.4723,8727,611,207,348,88.2139,6.1761,2.0924,82.0378
20172,20,Oaxaca,San Juan Achiutla,352,230,65.3409,195,17,15,3,84.7826,7.3913,6.5217,77.3913
20173,20,Oaxaca,San Juan Atepec,1132,608,53.7102,502,48,19,39,82.5658,7.8947,3.125,74.6711
20174,20,Oaxaca,Animas Trujano,3584,2148,59.933,1555,318,237,38,72.3929,14.8045,11.0335,57.5884
20175,20,Oaxaca,San Juan Bautista Atatlahuca,1293,636,49.1879,592,10,17,17,93.0818,1.5723,2.673,90.4088
20176,20,Oaxaca,San Juan Bautista Coixtlahuaca,2170,1206,55.576,1004,113,64,25,83.2504,9.3698,5.3068,73.8806
20177,20,Oaxaca,San Juan Bautista Cuicatlan,7714,5738,74.3842,4309,1076,203,150,75.0959,18.7522,3.5378,56.3437
20178,20,Oaxaca,San Juan Bautista Guelache,4886,2551,52.2104,1931,334,242,44,75.6958,13.0929,9.4865,62.6029
20179,20,Oaxaca,San Juan Bautista Jayacatlan,1081,427,39.5005,357,47,11,12,83.6066,11.007,2.5761,72.5996
20180,20,Oaxaca,San Juan Bautista Lo de Soto,1884,1335,70.8599,1011,250,30,44,75.7303,18.7266,2.2472,57.0037
20181,20,Oaxaca,San Juan Bautista Suchitepec,384,288,75,200,55,19,14,69.4444,19.0972,6.5972,50.3472
20182,20,Oaxaca,San Juan Bautista Tlacoatzintepec,1766,1526,86.41,1058,390,62,16,69.3316,25.557,4.0629,43.7746
20183,20,Oaxaca,San Juan Bautista Tlachichilco,1012,474,46.8379,404,44,14,12,85.2321,9.2827,2.9536,75.9494
20184,20,Oaxaca,San Juan Bautista Tuxtepec,117470,75145,63.9695,61904,7217,4894,1130,82.3794,9.6041,6.5127,72.7753
20185,20,Oaxaca,San Juan Cacahuatepec,6795,4619,67.9765,4129,290,129,71,89.3916,6.2784,2.7928,83.1132
20186,20,Oaxaca,San Juan Cieneguilla,398,204,51.2563,175,22,6,1,85.7843,10.7843,2.9412,75
20187,20,Oaxaca,San Juan Coatzospam,1519,1210,79.6577,910,244,23,33,75.2066,20.1653,1.9008,55.0413
20188,20,Oaxaca,San Juan Colorado,6882,5481,79.6425,4021,777,155,528,73.3625,14.1762,2.828,59.1863
20189,20,Oaxaca,San Juan Comaltepec,2150,696,32.3721,530,114,16,36,76.1494,16.3793,2.2989,59.7701
20190,20,Oaxaca,San Juan Cotzocon,17578,8919,50.7396,7543,931,232,213,84.5723,10.4384,2.6012,74.1339
20191,20,Oaxaca,San Juan Chicomezuchil,241,148,61.4108,129,14,3,2,87.1622,9.4595,2.027,77.7027
20192,20,Oaxaca,San Juan Chilateca,1280,888,69.375,704,103,61,20,79.2793,11.5991,6.8694,67.6802
20193,20,Oaxaca,San Juan del Estado,2123,1126,53.0382,871,163,74,18,77.3535,14.476,6.5719,62.8775
20194,20,Oaxaca,San Juan del Rio,1148,641,55.8362,580,26,22,13,90.4836,4.0562,3.4321,86.4274
20195,20,Oaxaca,San Juan Diuxi,839,447,53.2777,327,59,30,31,73.1544,13.1991,6.7114,59.9553
20196,20,Oaxaca,San Juan Evangelista Analco,346,238,68.7861,213,11,6,8,89.4958,4.6218,2.521,84.874
20197,20,Oaxaca,San Juan Guelavia,2462,861,34.9716,695,106,41,19,80.7201,12.3113,4.7619,68.4088
20198,20,Oaxaca,San Juan Guichicovi,23944,16814,70.2222,15017,1066,377,354,89.3125,6.34,2.2422,82.9725
20199,20,Oaxaca,San Juan Ihualtepec,465,218,46.8817,176,26,9,7,80.7339,11.9266,4.1284,68.8073
20200,20,Oaxaca,San Juan Juquila Mixes,2700,810,30,675,87,22,26,83.3333,10.7407,2.716,72.5926
20201,20,Oaxaca,San Juan Juquila Vijanos,1444,662,45.8449,570,39,16,37,86.1027,5.8912,2.4169,80.2115
20202,20,Oaxaca,San Juan Lachao,3372,1559,46.2337,1263,213,43,40,81.0135,13.6626,2.7582,67.3509
20203,20,Oaxaca,San Juan Lachigalla,2544,1339,52.6336,1180,92,37,30,88.1255,6.8708,2.7633,81.2547
20204,20,Oaxaca,San Juan Lajarcia,517,292,56.4797,266,15,0,11,91.0959,5.137,0,85.9589
20205,20,Oaxaca,San Juan Lalana,12446,7415,59.5774,5254,1608,194,359,70.8564,21.6858,2.6163,49.1706
20206,20,Oaxaca,San Juan de los Cues,1841,1066,57.9033,815,156,64,31,76.454,14.6341,6.0038,61.8199
20207,20,Oaxaca,San Juan Mazatlan,13119,7394,56.361,6516,602,147,129,88.1255,8.1417,1.9881,79.9838
20208,20,Oaxaca,San Juan Mixtepec – Dis. 08 -,6170,3326,53.906,2972,150,68,136,89.3566,4.5099,2.0445,84.8467
20209,20,Oaxaca,San Juan Mixtepec – Dis. 26 -,508,257,50.5906,231,14,5,7,89.8833,5.4475,1.9455,84.4358
20210,20,Oaxaca,San Juan Ñumi,4905,2521,51.3965,2325,106,33,57,92.2253,4.2047,1.309,88.0206
20211,20,Oaxaca,San Juan Ozolotepec,2152,955,44.3773,838,60,23,34,87.7487,6.2827,2.4084,81.466
20212,20,Oaxaca,San Juan Petlapa,2010,1011,50.2985,783,107,17,104,77.4481,10.5836,1.6815,66.8645
20213,20,Oaxaca,San Juan Quiahije,3090,1412,45.6958,934,278,57,143,66.1473,19.6884,4.0368,46.4589
20214,20,Oaxaca,San Juan Quiotepec,1614,915,56.6914,744,126,30,15,81.3115,13.7705,3.2787,67.541
20215,20,Oaxaca,San Juan Sayultepec,627,362,57.7352,294,42,18,8,81.2155,11.6022,4.9724,69.6133
20216,20,Oaxaca,San Juan Tabaa,884,328,37.1041,285,15,12,16,86.8902,4.5732,3.6585,82.317
20217,20,Oaxaca,San Juan Tamazola,2318,1006,43.3995,843,113,20,30,83.7972,11.2326,1.9881,72.5646
20218,20,Oaxaca,San Juan Teita,424,194,45.7547,170,15,3,6,87.6289,7.732,1.5464,79.8969
20219,20,Oaxaca,San Juan Teitipac,1989,819,41.1765,603,127,47,42,73.6264,15.5067,5.7387,58.1197
20220,20,Oaxaca,San Juan Tepeuxila,1851,954,51.5397,778,130,16,30,81.5514,13.6268,1.6771,67.9246
20221,20,Oaxaca,San Juan Teposcolula,1049,638,60.8198,549,41,30,18,86.0502,6.4263,4.7022,79.6239
20222,20,Oaxaca,San Juan Yaee,1102,511,46.3702,442,30,23,16,86.4971,5.8708,4.501,80.6263
20223,20,Oaxaca,San Juan Yatzona,341,197,57.7713,176,8,6,7,89.3401,4.0609,3.0457,85.2792
20224,20,Oaxaca,San Juan Yucuita,562,331,58.8968,280,32,13,6,84.5921,9.6677,3.9275,74.9244
20225,20,Oaxaca,San Lorenzo,4338,3307,76.2333,2124,978,64,141,64.2274,29.5736,1.9353,34.6538
20226,20,Oaxaca,San Lorenzo Albarradas,2165,1060,48.9607,854,104,65,37,80.566,9.8113,6.1321,70.7547
20227,20,Oaxaca,San Lorenzo Cacaotepec,12615,6882,54.5541,5036,1075,685,86,73.1764,15.6205,9.9535,57.5559
20228,20,Oaxaca,San Lorenzo Cuaunecuiltitla,493,297,60.2434,202,79,6,10,68.0135,26.5993,2.0202,41.4142
20229,20,Oaxaca,San Lorenzo Texmelucan,5538,2081,37.5767,1538,390,43,110,73.9068,18.741,2.0663,55.1658
20230,20,Oaxaca,San Lorenzo Victoria,760,367,48.2895,328,21,9,9,89.3733,5.7221,2.4523,83.6512
20231,20,Oaxaca,San Lucas Camotlan,2086,508,24.3528,428,60,4,16,84.252,11.811,0.7874,72.441
20232,20,Oaxaca,San Lucas Ojitlan,16352,12926,79.0484,7496,4717,488,225,57.9916,36.4923,3.7753,21.4993
20233,20,Oaxaca,San Lucas Quiavini,1505,300,19.9336,239,42,14,5,79.6667,14,4.6667,65.6667
20234,20,Oaxaca,San Lucas Zoquiapam,4802,2501,52.0825,1411,826,107,157,56.4174,33.0268,4.2783,23.3906
20235,20,Oaxaca,San Luis Amatlan,2924,1442,49.316,1086,242,53,61,75.3121,16.7822,3.6755,58.5299
20236,20,Oaxaca,San Marcial Ozolotepec,1017,454,44.6411,314,90,26,24,69.163,19.8238,5.7269,49.3392
20237,20,Oaxaca,San Marcos Arteaga,1408,811,57.5994,638,117,39,17,78.6683,14.4266,4.8089,64.2417
20238,20,Oaxaca,San Martin de los Cansecos,724,377,52.0718,295,51,21,10,78.2493,13.5279,5.5703,64.7214
20239,20,Oaxaca,San Martin Huamelulpam,809,422,52.1632,384,17,13,8,90.9953,4.0284,3.0806,86.9669
20240,20,Oaxaca,San Martin Itunyoso,1923,841,43.7337,735,57,11,38,87.396,6.7776,1.308,80.6184
20241,20,Oaxaca,San Martin Lachila,915,443,48.4153,343,52,28,20,77.4266,11.7381,6.3205,65.6885
20242,20,Oaxaca,San Martin Peras,8207,4212,51.322,3502,373,104,233,83.1434,8.8557,2.4691,74.2877
20243,20,Oaxaca,San Martin Tilcajete,1496,795,53.1417,669,64,44,18,84.1509,8.0503,5.5346,76.1006
20244,20,Oaxaca,San Martin Toxpalan,2885,1476,51.1612,1246,146,55,29,84.4173,9.8916,3.7263,74.5257
20245,20,Oaxaca,San Martin Zacatepec,1212,791,65.264,519,200,17,55,65.6131,25.2845,2.1492,40.3286
20246,20,Oaxaca,San Mateo Cajonos,457,265,57.9869,251,5,4,5,94.717,1.8868,1.5094,92.8302
20247,20,Oaxaca,Capulalpam de Mendez,1215,0,0,0,0,0,0,NA,NA,NA,NA
20248,20,Oaxaca,San Mateo del Mar,6722,1479,22.0024,1059,302,51,67,71.6024,20.4192,3.4483,51.1832
20249,20,Oaxaca,San Mateo Yoloxochitlan,2624,1350,51.4482,1004,230,61,55,74.3704,17.037,4.5185,57.3334
20250,20,Oaxaca,San Mateo Etlatongo,969,504,52.0124,417,45,28,14,82.7381,8.9286,5.5556,73.8095
20251,20,Oaxaca,San Mateo Nejapam,790,275,34.8101,232,36,7,0,84.3636,13.0909,2.5455,71.2727
20252,20,Oaxaca,San Mateo Peñasco,1583,871,55.0221,734,59,29,49,84.271,6.7738,3.3295,77.4972
20253,20,Oaxaca,San Mateo Piñas,1527,785,51.408,695,47,16,27,88.535,5.9873,2.0382,82.5477
20254,20,Oaxaca,San Mateo Rio Hondo,2595,1962,75.6069,1556,244,98,64,79.3068,12.4363,4.9949,66.8705
20255,20,Oaxaca,San Mateo Sindihui,1637,693,42.3335,633,29,10,21,91.342,4.1847,1.443,87.1573
20256,20,Oaxaca,San Mateo Tlapiltepec,170,104,61.1765,88,6,6,4,84.6154,5.7692,5.7692,78.8462
20257,20,Oaxaca,San Melchor Betaza,804,415,51.6169,348,46,8,13,83.8554,11.0843,1.9277,72.7711
20258,20,Oaxaca,San Miguel Achiutla,491,209,42.5662,169,28,4,8,80.8612,13.3971,1.9139,67.4641
20259,20,Oaxaca,San Miguel Ahuehuetitlan,1712,1094,63.9019,673,340,33,48,61.5174,31.0786,3.0165,30.4388
20260,20,Oaxaca,San Miguel Aloapam,1667,815,48.8902,723,60,18,14,88.7117,7.362,2.2086,81.3497
20261,20,Oaxaca,San Miguel Amatitlan,5385,3490,64.8097,2011,1318,55,106,57.6218,37.765,1.5759,19.8568
20262,20,Oaxaca,San Miguel Amatlan,747,433,57.9652,356,48,15,14,82.2171,11.0855,3.4642,71.1316
20263,20,Oaxaca,San Miguel Coatlan,2379,825,34.6784,581,176,11,57,70.4242,21.3333,1.3333,49.0909
20264,20,Oaxaca,San Miguel Chicahua,1674,985,58.8411,873,46,28,38,88.6294,4.6701,2.8426,83.9593
20265,20,Oaxaca,San Miguel Chimalapa,5359,2703,50.4385,2010,537,75,81,74.3618,19.8668,2.7747,54.495
20266,20,Oaxaca,San Miguel del Puerto,6583,2688,40.8324,2330,204,72,82,86.6815,7.5893,2.6786,79.0922
20267,20,Oaxaca,San Miguel del Rio,195,98,50.2564,88,5,5,0,89.7959,5.102,5.102,84.6939
20268,20,Oaxaca,San Miguel Ejutla,924,507,54.8701,398,53,42,14,78.501,10.4536,8.284,68.0474
20269,20,Oaxaca,San Miguel El Grande,2926,1822,62.2693,1667,59,51,45,91.4929,3.2382,2.7991,88.2547
20270,20,Oaxaca,San Miguel Huautla,898,437,48.6637,326,93,8,10,74.5995,21.2815,1.8307,53.318
20271,20,Oaxaca,San Miguel Mixtepec,2095,1155,55.1313,879,158,45,73,76.1039,13.6797,3.8961,62.4242
20272,20,Oaxaca,San Miguel Panixtlahuaca,4596,2041,44.4082,1668,186,59,128,81.7246,9.1132,2.8907,72.6114
20273,20,Oaxaca,San Miguel Peras,2405,1273,52.9314,1033,163,31,46,81.1469,12.8044,2.4352,68.3425
20274,20,Oaxaca,San Miguel Piedras,962,620,64.4491,575,27,9,9,92.7419,4.3548,1.4516,88.3871
20275,20,Oaxaca,San Miguel Quetzaltepec,5360,1716,32.0149,1371,195,42,108,79.8951,11.3636,2.4476,68.5315
20276,20,Oaxaca,San Miguel Santa Flor,546,304,55.6777,192,71,12,29,63.1579,23.3553,3.9474,39.8026
20277,20,Oaxaca,Villa Sola de Vega,9532,6069,63.6697,5368,322,195,184,88.4495,5.3057,3.213,83.1438
20278,20,Oaxaca,San Miguel Soyaltepec,27656,20760,75.0651,12777,6920,603,460,61.5462,33.3333,2.9046,28.2129
20279,20,Oaxaca,San Miguel Suchixtepec,2256,923,40.9131,788,51,33,51,85.3738,5.5255,3.5753,79.8483
20280,20,Oaxaca,Villa Talea de Castro,1616,892,55.198,802,59,14,17,89.9103,6.6143,1.5695,83.296
20281,20,Oaxaca,San Miguel Tecomatlan,248,173,69.7581,136,25,10,2,78.6127,14.4509,5.7803,64.1618
20282,20,Oaxaca,San Miguel Tenango,637,308,48.3516,261,23,12,12,84.7403,7.4675,3.8961,77.2728
20283,20,Oaxaca,San Miguel Tequixtepec,764,436,57.0681,407,12,12,5,93.3486,2.7523,2.7523,90.5963
20284,20,Oaxaca,San Miguel Tilquiapam,2372,1004,42.3272,770,93,43,98,76.6932,9.2629,4.2829,67.4303
20285,20,Oaxaca,San Miguel Tlacamama,2760,2022,73.2609,1769,169,59,25,87.4876,8.3581,2.9179,79.1295
20286,20,Oaxaca,San Miguel Tlacotepec,2436,1159,47.578,993,89,36,41,85.6773,7.679,3.1061,77.9983
20287,20,Oaxaca,San Miguel Tulancingo,268,145,54.1045,130,10,4,1,89.6552,6.8966,2.7586,82.7586
20288,20,Oaxaca,San Miguel Yotao,496,192,38.7097,175,5,8,4,91.1458,2.6042,4.1667,86.9791
20289,20,Oaxaca,San Nicolas,915,471,51.4754,372,54,21,24,78.9809,11.465,4.4586,67.5159
20290,20,Oaxaca,San Nicolas Hidalgo,855,584,68.3041,511,52,10,11,87.5,8.9041,1.7123,78.5959
20291,20,Oaxaca,San Pablo Coatlan,3171,1564,49.322,1304,151,61,48,83.376,9.6547,3.9003,73.7213
20292,20,Oaxaca,San Pablo Cuatro Venados,1070,616,57.5701,504,71,18,23,81.8182,11.526,2.9221,70.2922
20293,20,Oaxaca,San Pablo Etla,11913,6761,56.7531,4598,1327,717,119,68.0077,19.6273,10.6049,48.3804
20294,20,Oaxaca,San Pablo Huitzo,5627,3818,67.8514,2890,532,344,52,75.6941,13.934,9.01,61.7601
20295,20,Oaxaca,San Pablo Huixtepec,7995,5957,74.5091,4411,807,586,153,74.0473,13.5471,9.8372,60.5002
20296,20,Oaxaca,San Pablo Macuiltianguis,739,419,56.6982,363,15,11,30,86.6348,3.58,2.6253,83.0548
20297,20,Oaxaca,San Pablo Tijaltepec,1530,807,52.7451,661,75,30,41,81.9083,9.2937,3.7175,72.6146
20298,20,Oaxaca,San Pablo Villa de Mitla,10083,8457,83.8738,6089,1119,1022,227,71.9995,13.2316,12.0847,58.7679
20299,20,Oaxaca,San Pablo Yaganiza,808,351,43.4406,324,17,4,6,92.3077,4.8433,1.1396,87.4644
20300,20,Oaxaca,San Pedro Amuzgos,5106,3824,74.8923,2293,1321,81,129,59.9634,34.545,2.1182,25.4184
20301,20,Oaxaca,San Pedro Apostol,1313,740,56.3595,604,76,53,7,81.6216,10.2703,7.1622,71.3513
20302,20,Oaxaca,San Pedro Atoyac,3304,2211,66.9189,1839,168,58,146,83.175,7.5984,2.6232,75.5766
20303,20,Oaxaca,San Pedro Cajonos,856,456,53.271,419,18,10,9,91.886,3.9474,2.193,87.9386
20304,20,Oaxaca,San Pedro Coxcaltepec Cantaros,584,327,55.9932,282,30,5,10,86.2385,9.1743,1.5291,77.0642
20305,20,Oaxaca,San Pedro Comitancillo,3772,2654,70.3606,2302,159,141,52,86.737,5.991,5.3127,80.746
20306,20,Oaxaca,San Pedro El Alto,2825,1310,46.3717,1014,161,47,88,77.4046,12.2901,3.5878,65.1145
20307,20,Oaxaca,San Pedro Huamelula,7703,5384,69.8948,4571,313,357,143,84.8997,5.8135,6.6308,78.2689
20308,20,Oaxaca,San Pedro Huilotepec,2501,1673,66.8932,1458,164,40,11,87.1488,9.8027,2.3909,77.3461
20309,20,Oaxaca,San Pedro Ixcatlan,7867,6308,80.183,5146,795,227,140,81.5789,12.603,3.5986,68.9759
20310,20,Oaxaca,San Pedro Ixtlahuaca,10377,4796,46.2176,3791,511,386,108,79.045,10.6547,8.0484000000000009,68.3903
20311,20,Oaxaca,San Pedro Jaltepetongo,372,249,66.9355,209,30,1,9,83.9357,12.0482,0.4016,71.8875
20312,20,Oaxaca,San Pedro Jicayan,8302,5927,71.3924,4176,1261,249,241,70.4572,21.2755,4.2011,49.1817
20313,20,Oaxaca,San Pedro Jocotipac,631,364,57.6862,308,46,4,6,84.6154,12.6374,1.0989,71.978
20314,20,Oaxaca,San Pedro Juchatengo,1318,730,55.3869,401,252,44,33,54.9315,34.5205,6.0274,20.411
20315,20,Oaxaca,San Pedro Martir,1458,577,39.5748,432,89,40,16,74.87,15.4246,6.9324,59.4454
20316,20,Oaxaca,San Pedro Martir Quiechapa,548,291,53.1022,251,14,13,13,86.2543,4.811,4.4674,81.4433
20317,20,Oaxaca,San Pedro Martir Yucuxaco,1091,453,41.5215,391,27,18,17,86.3135,5.9603,3.9735,80.3532
20318,20,Oaxaca,San Pedro Mixtepec – Dis. 22 -,40038,24214,60.4775,18364,4257,1128,465,75.8404,17.5807,4.6585,58.2597
20319,20,Oaxaca,San Pedro Mixtepec – Dis. 26 -,713,298,41.7952,275,15,3,5,92.2819,5.0336,1.0067,87.2483
20320,20,Oaxaca,San Pedro Molinos,531,258,48.5876,228,20,5,5,88.3721,7.7519,1.938,80.6202
20321,20,Oaxaca,San Pedro Nopala,529,302,57.0888,270,21,4,7,89.404,6.9536,1.3245,82.4504
20322,20,Oaxaca,San Pedro Ocopetatillo,582,278,47.7663,174,78,12,14,62.5899,28.0576,4.3165,34.5323
20323,20,Oaxaca,San Pedro Ocotepec,1381,380,27.5163,329,32,10,9,86.5789,8.4211,2.6316,78.1578
20324,20,Oaxaca,San Pedro Pochutla,36721,23318,63.5004,16800,3284,2328,906,72.0473,14.0835,9.9837,57.9638
20325,20,Oaxaca,San Pedro Quiatoni,8455,4627,54.725,3523,496,361,247,76.14,10.7197,7.802,65.4203
20326,20,Oaxaca,San Pedro Sochiapam,3461,1419,40.9997,1054,261,47,57,74.2777,18.3932,3.3122,55.8845
20327,20,Oaxaca,San Pedro Tapanatepec,10781,5969,55.3659,5136,503,227,103,86.0446,8.4269,3.803,77.6177
20328,20,Oaxaca,San Pedro Taviche,946,416,43.9746,357,24,14,21,85.8173,5.7692,3.3654,80.0481
20329,20,Oaxaca,San Pedro Teozacoalco,979,573,58.5291,525,33,6,9,91.623,5.7592,1.0471,85.8638
20330,20,Oaxaca,San Pedro Teutila,3189,1716,53.81,1382,210,68,56,80.5361,12.2378,3.9627,68.2983
20331,20,Oaxaca,San Pedro Tidaa,684,341,49.8538,299,16,13,13,87.6833,4.6921,3.8123,82.9912
20332,20,Oaxaca,San Pedro Topiltepec,292,224,76.7123,184,22,8,10,82.1429,9.8214,3.5714,72.3215
20333,20,Oaxaca,San Pedro Totolapam,2479,1118,45.0988,990,71,33,24,88.551,6.3506,2.9517,82.2004
20334,20,Oaxaca,Villa de Tututepec de Melchor Ocampo,36377,19191,52.7559,16388,1820,504,479,85.3942,9.4836,2.6262,75.9106
20335,20,Oaxaca,San Pedro Yaneri,717,354,49.3724,316,20,6,12,89.2655,5.6497,1.6949,83.6158
20336,20,Oaxaca,San Pedro Yolox,1551,1018,65.6351,963,26,8,21,94.5972,2.554,0.7859,92.0432
20337,20,Oaxaca,San Pedro y San Pablo Ayutla,3995,2228,55.7697,1745,258,94,131,78.3214,11.5799,4.219,66.7415
20338,20,Oaxaca,Villa de Etla,8714,6744,77.3927,4753,1053,790,148,70.4775,15.6139,11.7141,54.8636
20339,20,Oaxaca,San Pedro y San Pablo Teposcolula,3433,2362,68.8028,1898,235,160,69,80.3556,9.9492,6.7739,70.4064
20340,20,Oaxaca,San Pedro y San Pablo Tequixtepec,1460,858,58.7671,675,114,51,18,78.6713,13.2867,5.9441,65.3846
20341,20,Oaxaca,San Pedro Yucunama,194,107,55.1546,72,26,6,3,67.2897,24.2991,5.6075,42.9906
20342,20,Oaxaca,San Raymundo Jalpan,2166,1161,53.6011,826,179,141,15,71.1456,15.4177,12.1447,55.7279
20343,20,Oaxaca,San Sebastian Abasolo,1554,688,44.2728,550,86,36,16,79.9419,12.5,5.2326,67.4419
20344,20,Oaxaca,San Sebastian Coatlan,2134,1021,47.8444,614,290,70,47,60.1371,28.4035,6.856,31.7336
20345,20,Oaxaca,San Sebastian Ixcapa,3181,2379,74.7878,2076,205,58,40,87.2636,8.6171,2.438,78.6465
20346,20,Oaxaca,San Sebastian Nicananduta,1281,588,45.9016,560,10,7,11,95.2381,1.7007,1.1905,93.5374
20347,20,Oaxaca,San Sebastian Rio Hondo,3043,1566,51.4624,1128,308,77,53,72.0307,19.6679,4.917,52.3628
20348,20,Oaxaca,San Sebastian Tecomaxtlahuaca,6214,3089,49.7103,2670,221,107,91,86.4357,7.1544,3.4639,79.2813
20349,20,Oaxaca,San Sebastian Teitipac,1764,885,50.1701,729,76,61,19,82.3729,8.5876,6.8927,73.7853
20350,20,Oaxaca,San Sebastian Tutla,12843,8130,63.303,5031,2062,930,107,61.8819,25.3629,11.4391,36.519
20351,20,Oaxaca,San Simon Almolongas,2272,994,43.75,843,85,31,35,84.8089,8.5513,3.1187,76.2576
20352,20,Oaxaca,San Simon Zahuatlan,3008,1021,33.9428,438,496,17,70,42.8991,48.5798,1.665,-5.6807
20353,20,Oaxaca,Santa Ana,1737,754,43.4082,645,53,32,24,85.5438,7.0292,4.244,78.5146
20354,20,Oaxaca,Santa Ana Ateixtlahuaca,334,205,61.3772,136,45,12,12,66.3415,21.9512,5.8537,44.3903
20355,20,Oaxaca,Santa Ana Cuauhtemoc,477,294,61.6352,228,49,8,9,77.551,16.6667,2.7211,60.8843
20356,20,Oaxaca,Santa Ana del Valle,1724,706,40.9513,601,36,55,14,85.1275,5.0992,7.7904,77.3371
20357,20,Oaxaca,Santa Ana Tavela,654,314,48.0122,278,24,9,3,88.535,7.6433,2.8662,80.8917
20358,20,Oaxaca,Santa Ana Tlapacoyan,1695,779,45.9587,642,51,48,38,82.4134,6.5469,6.1617,75.8665
20359,20,Oaxaca,Santa Ana Yareni,606,325,53.6304,298,9,12,6,91.6923,2.7692,3.6923,88
20360,20,Oaxaca,Santa Ana Zegache,3139,2068,65.8809,1638,174,163,93,79.207,8.4139,7.882,70.7931
20361,20,Oaxaca,Santa Catalina Quieri,665,398,59.8496,361,17,9,11,90.7035,4.2714,2.2613,86.4321
20362,20,Oaxaca,Santa Catarina Cuixtla,1088,536,49.2647,433,45,35,23,80.7836,8.3955,6.5299,72.3881
20363,20,Oaxaca,Santa Catarina Ixtepeji,2120,1018,48.0189,849,102,54,13,83.3988,10.0196,5.3045,73.3792
20364,20,Oaxaca,Santa Catarina Juquila,12816,8739,68.1882,6331,1749,422,237,72.4454,20.0137,4.8289,52.4317
20365,20,Oaxaca,Santa Catarina Lachatao,989,668,67.543,590,45,18,15,88.3234,6.7365,2.6946,81.5869
20366,20,Oaxaca,Santa Catarina Loxicha,2486,861,34.634,706,103,17,35,81.9977,11.9628,1.9744,70.0349
20367,20,Oaxaca,Santa Catarina Mechoacan,3243,1459,44.9892,852,495,40,72,58.3962,33.9273,2.7416,24.4689
20368,20,Oaxaca,Santa Catarina Minas,1548,766,49.4832,609,81,51,25,79.5039,10.5744,6.658,68.9295
20369,20,Oaxaca,Santa Catarina Quiane,1694,938,55.3719,789,72,62,15,84.1151,7.6759,6.6098,76.4392
20370,20,Oaxaca,Santa Catarina Tayata,587,355,60.477,271,50,24,10,76.338,14.0845,6.7606,62.2535
20371,20,Oaxaca,Santa Catarina Ticua,780,521,66.7949,418,51,30,22,80.2303,9.7889,5.7582,70.4414
20372,20,Oaxaca,Santa Catarina Yosonotu,1002,566,56.487,491,30,8,37,86.7491,5.3004,1.4134,81.4487
20373,20,Oaxaca,Santa Catarina Zapoquila,348,188,54.023,151,24,6,7,80.3191,12.766,3.1915,67.5531
20374,20,Oaxaca,Santa Cruz Acatepec,1101,680,61.762,483,154,18,25,71.0294,22.6471,2.6471,48.3823
20375,20,Oaxaca,Santa Cruz Amilpas,10810,7615,70.444,5313,1250,910,142,69.7702,16.415,11.9501,53.3552
20376,20,Oaxaca,Santa Cruz de Bravo,313,113,36.1022,83,27,1,2,73.4513,23.8938,0.885,49.5575
20377,20,Oaxaca,Santa Cruz Itundujia,8373,5769,68.9,4270,1159,202,138,74.0163,20.0901,3.5015,53.9262
20378,20,Oaxaca,Santa Cruz Mixtepec,2780,1280,46.0432,1040,116,62,62,81.25,9.0625,4.8438,72.1875
20379,20,Oaxaca,Santa Cruz Nundaco,2315,1175,50.7559,1081,57,13,24,92,4.8511,1.1064,87.1489
20380,20,Oaxaca,Santa Cruz Papalutla,1661,670,40.3371,568,71,15,16,84.7761,10.597,2.2388,74.1791
20381,20,Oaxaca,Santa Cruz Tacache de Mina,2120,1317,62.1226,1003,106,141,67,76.1579,8.0486,10.7062,65.4517
20382,20,Oaxaca,Santa Cruz Tacahua,889,471,52.9809,427,20,8,16,90.6582,4.2463,1.6985,86.4119
20383,20,Oaxaca,Santa Cruz Tayata,467,309,66.167,262,24,15,8,84.7896,7.767,4.8544,77.0226
20384,20,Oaxaca,Santa Cruz Xitla,3639,1215,33.3883,910,209,41,55,74.8971,17.2016,3.3745,57.6955
20385,20,Oaxaca,Santa Cruz Xoxocotlan,76893,52954,68.8671,37855,8325,5636,1138,71.4866,15.7212,10.6432,55.7654
20386,20,Oaxaca,Santa Cruz Zenzontepec,12749,4869,38.1912,3594,786,128,361,73.8139,16.1429,2.6289,57.671
20387,20,Oaxaca,Santa Gertrudis,2590,1591,61.4286,1005,434,106,46,63.1678,27.2784,6.6625,35.8894
20388,20,Oaxaca,Santa Ines del Monte,1928,792,41.0788,535,166,49,42,67.5505,20.9596,6.1869,46.5909
20389,20,Oaxaca,Santa Ines Yatzeche,784,219,27.9337,139,59,7,14,63.4703,26.9406,3.1963,36.5297
20390,20,Oaxaca,Santa Lucia del Camino,41200,28750,69.7816,18127,5604,4401,618,63.0504,19.4922,15.3078,43.5582
20391,20,Oaxaca,Santa Lucia Miahuatlan,2299,750,32.6229,362,274,34,80,48.2667,36.5333,4.5333,11.7334
20392,20,Oaxaca,Santa Lucia Monteverde,4522,2076,45.9089,1728,191,40,117,83.237,9.2004,1.9268,74.0366
20393,20,Oaxaca,Santa Lucia Ocotlan,3019,996,32.9911,763,159,46,28,76.6064,15.9639,4.6185,60.6425
20394,20,Oaxaca,Santa Maria Alotepec,2094,936,44.6991,739,140,22,35,78.953,14.9573,2.3504,63.9957
20395,20,Oaxaca,Santa Maria Apazco,1282,685,53.4321,508,95,24,58,74.1606,13.8686,3.5036,60.292
20396,20,Oaxaca,Santa Maria la Asuncion,2151,1238,57.5546,734,382,45,77,59.2892,30.8562,3.6349,28.433
20397,20,Oaxaca,Heroica Ciudad de Tlaxiaco,33617,22164,65.9309,17831,1597,2288,448,80.4503,7.2054,10.323,70.1273
20398,20,Oaxaca,Ayoquezco de Aldama,4173,1796,43.0386,1557,100,90,49,86.6927,5.5679,5.0111,81.1248
20399,20,Oaxaca,Santa Maria Atzompa,28310,14411,50.9043,10769,1933,1430,279,74.7276,13.4134,9.923,61.3142
20400,20,Oaxaca,Santa Maria Camotlan,1373,734,53.4596,514,165,42,13,70.0272,22.4796,5.7221,47.5476
20401,20,Oaxaca,Santa Maria Colotepec,20935,10148,48.4738,8312,1191,437,208,81.9078,11.7363,4.3063,70.1715
20402,20,Oaxaca,Santa Maria Cortijo,916,689,75.2183,522,97,21,49,75.762,14.0784,3.0479,61.6836
20403,20,Oaxaca,Santa Maria Coyotepec,2610,1342,51.4176,975,222,111,34,72.6528,16.5425,8.2712,56.1103
20404,20,Oaxaca,Santa Maria Chachoapam,628,351,55.8917,302,22,18,9,86.0399,6.2678,5.1282,79.7721
20405,20,Oaxaca,Villa de Chilapa de Diaz,1528,807,52.8141,659,79,37,32,81.6605,9.7893,4.5849,71.8712
20406,20,Oaxaca,Santa Maria Chilchotla,15808,7947,50.272,5168,2155,261,363,65.0308,27.1172,3.2843,37.9136
20407,20,Oaxaca,Santa Maria Chimalapa,5465,1341,24.538,994,288,31,28,74.1238,21.4765,2.3117,52.6473
20408,20,Oaxaca,Santa Maria del Rosario,403,229,56.8238,200,16,10,3,87.3362,6.9869,4.3668,80.3493
20409,20,Oaxaca,Santa Maria del Tule,7397,5106,69.028,3279,1252,493,82,64.2186,24.5202,9.6553,39.6984
20410,20,Oaxaca,Santa Maria Ecatepec,2451,1201,49.0004,1096,55,33,17,91.2573,4.5795,2.7477,86.6778
20411,20,Oaxaca,Santa Maria Guelace,659,363,55.0835,305,32,17,9,84.022,8.8154,4.6832,75.2066
20412,20,Oaxaca,Santa Maria Guienagati,2389,1012,42.3608,808,142,22,40,79.8419,14.0316,2.1739,65.8103
20413,20,Oaxaca,Santa Maria Huatulco,39417,27975,70.9719,23173,3077,1272,453,82.8347,10.9991,4.5469,71.8356
20414,20,Oaxaca,Santa Maria Huazolotitlan,8692,5749,66.1413,4282,710,486,271,74.4825,12.35,8.4536,62.1325
20415,20,Oaxaca,Santa Maria Ipalapa,3690,2502,67.8049,1593,830,26,53,63.6691,33.1735,1.0392,30.4956
20416,20,Oaxaca,Santa Maria Ixcatlan,386,260,67.3575,211,34,7,8,81.1538,13.0769,2.6923,68.0769
20417,20,Oaxaca,Santa Maria Jacatepec,7409,5449,73.5457,4460,684,216,89,81.8499,12.5528,3.964,69.2971
20418,20,Oaxaca,Santa Maria Jalapa del Marques,9703,7488,77.172,6711,448,215,114,89.6234,5.9829,2.8713,83.6405
20419,20,Oaxaca,Santa Maria Jaltianguis,466,273,58.5837,253,5,11,4,92.674,1.8315,4.0293,88.6447
20420,20,Oaxaca,Santa Maria Lachixio,1236,611,49.4337,505,52,23,31,82.6514,8.5106,3.7643,74.1408
20421,20,Oaxaca,Santa Maria Mixtequilla,3781,2838,75.0595,2360,260,149,69,83.1572,9.1614,5.2502,73.9958
20422,20,Oaxaca,Santa Maria Nativitas,488,308,63.1148,266,29,10,3,86.3636,9.4156,3.2468,76.948
20423,20,Oaxaca,Santa Maria Nduayaco,383,269,70.235,207,40,17,5,76.9517,14.8699,6.3197,62.0818
20424,20,Oaxaca,Santa Maria Ozolotepec,2690,1242,46.171,902,219,54,67,72.6248,17.6329,4.3478,54.9919
20425,20,Oaxaca,Santa Maria Papalo,1542,806,52.2698,657,88,29,32,81.5136,10.9181,3.598,70.5955
20426,20,Oaxaca,Santa Maria Peñoles,5428,2637,48.5814,2074,411,68,84,78.65,15.5859,2.5787,63.0641
20427,20,Oaxaca,Santa Maria Petapa,12419,7991,64.345,6466,1016,342,167,80.916,12.7143,4.2798,68.2017
20428,20,Oaxaca,Santa Maria Quiegolani,1392,763,54.8132,619,89,28,27,81.1271,11.6645,3.6697,69.4626
20429,20,Oaxaca,Santa Maria Sola,1224,749,61.1928,614,72,27,36,81.976,9.6128,3.6048,72.3632
20430,20,Oaxaca,Santa Maria Tataltepec,171,116,67.8363,113,0,3,0,97.4138,0,2.5862,94.8276
20431,20,Oaxaca,Santa Maria Tecomavaca,1493,1079,72.2706,742,192,72,73,68.7674,17.7943,6.6728,50.9731
20432,20,Oaxaca,Santa Maria Temaxcalapa,753,342,45.4183,305,20,7,10,89.1813,5.848,2.0468,83.3333
20433,20,Oaxaca,Santa Maria Temaxcaltepec,1865,761,40.8043,528,174,21,38,69.3824,22.8647,2.7595,46.5177
20434,20,Oaxaca,Santa Maria Teopoxco,3062,2102,68.6479,1030,948,43,81,49.001,45.0999,2.0457,3.9011
20435,20,Oaxaca,Santa Maria Tepantlali,2612,868,33.2312,591,178,34,65,68.0876,20.5069,3.9171,47.5807
20436,20,Oaxaca,Santa Maria Texcatitlan,741,464,62.6181,340,66,24,34,73.2759,14.2241,5.1724,59.0518
20437,20,Oaxaca,Santa Maria Tlahuitoltepec,6760,2586,38.2544,2132,232,112,110,82.4439,8.9714,4.331,73.4725
20438,20,Oaxaca,Santa Maria Tlalixtac,1248,736,58.9744,502,163,34,37,68.2065,22.1467,4.6196,46.0598
20439,20,Oaxaca,Santa Maria Tonameca,20639,12686,61.4662,9974,1933,424,355,78.6221,15.2373,3.3423,63.3848
20440,20,Oaxaca,Santa Maria Totolapilla,656,448,68.2927,441,3,2,2,98.4375,0.6696,0.4464,97.7679
20441,20,Oaxaca,Santa Maria Xadani,7259,5349,73.6878,5079,146,58,66,94.9523,2.7295,1.0843,92.2228
20442,20,Oaxaca,Santa Maria Yalina,219,115,52.5114,110,3,1,1,95.6522,2.6087,0.8696,93.0435
20443,20,Oaxaca,Santa Maria Yavesia,339,220,64.8968,208,9,1,2,94.5455,4.0909,0.4545,90.4546
20444,20,Oaxaca,Santa Maria Yolotepec,347,220,63.4006,201,11,5,3,91.3636,5,2.2727,86.3636
20445,20,Oaxaca,Santa Maria Yosoyua,1227,679,55.3382,631,17,17,14,92.9308,2.5037,2.5037,90.4271
20446,20,Oaxaca,Santa Maria Yucuhiti,4754,2635,55.427,2340,148,54,93,88.8046,5.6167,2.0493,83.1879
20447,20,Oaxaca,Santa Maria Zacatepec,12370,7381,59.6686,5279,1649,204,249,71.5215,22.3411,2.7639,49.1804
20448,20,Oaxaca,Santa Maria Zaniza,1536,411,26.7578,350,32,12,17,85.1582,7.7859,2.9197,77.3723
20449,20,Oaxaca,Santa Maria Zoquitlan,2528,1282,50.712,1100,72,34,76,85.8034,5.6162,2.6521,80.1872
20450,20,Oaxaca,Santiago Amoltepec,7910,1973,24.9431,1560,241,50,122,79.0674,12.2149,2.5342,66.8525
20451,20,Oaxaca,Santiago Apoala,786,483,61.4504,423,41,9,10,87.5776,8.4886,1.8634,79.089
20452,20,Oaxaca,Santiago Apostol,3452,1378,39.9189,1083,152,80,63,78.5922,11.0305,5.8055,67.5617
20453,20,Oaxaca,Santiago Astata,3145,1423,45.2464,1314,65,20,24,92.3401,4.5678,1.4055,87.7723
20454,20,Oaxaca,Santiago Atitlan,2411,985,40.8544,819,107,21,38,83.1472,10.8629,2.132,72.2843
20455,20,Oaxaca,Santiago Ayuquililla,2060,1212,58.835,592,508,59,53,48.8449,41.9142,4.868,6.9307
20456,20,Oaxaca,Santiago Cacaloxtepec,1537,1103,71.7632,544,503,45,11,49.32,45.6029,4.0798,3.7171
20457,20,Oaxaca,Santiago Camotlan,2298,1190,51.7842,1075,69,20,26,90.3361,5.7983,1.6807,84.5378
20458,20,Oaxaca,Santiago Comaltepec,947,536,56.5998,483,27,13,13,90.1119,5.0373,2.4254,85.0746
20459,20,Oaxaca,Santiago Chazumba,3460,2375,68.6416,1750,419,158,48,73.6842,17.6421,6.6526,56.0421
20460,20,Oaxaca,Santiago Choapam,3597,1406,39.0881,949,360,41,56,67.4964,25.6046,2.9161,41.8918
20461,20,Oaxaca,Santiago del Rio,533,264,49.531,236,13,7,8,89.3939,4.9242,2.6515,84.4697
20462,20,Oaxaca,Santiago Huajolotitlan,3599,2487,69.1025,1889,354,166,78,75.955,14.234,6.6747,61.721
20463,20,Oaxaca,Santiago Huauclilla,415,255,61.4458,215,24,8,8,84.3137,9.4118,3.1373,74.9019
20464,20,Oaxaca,Santiago Ihuitlan Plumas,325,198,60.9231,165,12,11,10,83.3333,6.0606,5.5556,77.2727
20465,20,Oaxaca,Santiago Ixcuintepec,1121,380,33.8983,254,107,3,16,66.8421,28.1579,0.7895,38.6842
20466,20,Oaxaca,Santiago Ixtayutla,9188,4929,53.6461,3090,1524,94,221,62.6902,30.9191,1.9071,31.7711
20467,20,Oaxaca,Santiago Jamiltepec,14334,10372,72.3594,9068,613,366,325,87.4277,5.9101,3.5287,81.5176
20468,20,Oaxaca,Santiago Jocotepec,10181,4411,43.3258,3524,630,116,141,79.8912,14.2825,2.6298,65.6087
20469,20,Oaxaca,Santiago Juxtlahuaca,24585,16274,66.1948,13797,1245,804,428,84.7794,7.6502,4.9404,77.1292
20470,20,Oaxaca,Santiago Lachiguiri,3622,1550,42.794,1300,174,40,36,83.871,11.2258,2.5806,72.6452
20471,20,Oaxaca,Santiago Lalopa,339,226,66.6667,205,9,6,6,90.708,3.9823,2.6549,86.7257
20472,20,Oaxaca,Santiago Laollaga,2858,2051,71.7635,1859,91,68,33,90.6387,4.4369,3.3155,86.2018
20473,20,Oaxaca,Santiago Laxopa,938,338,36.0341,293,25,9,11,86.6864,7.3964,2.6627,79.29
20474,20,Oaxaca,Santiago Llano Grande,2704,1996,73.8166,1215,701,53,27,60.8717,35.1202,2.6553,25.7515
20475,20,Oaxaca,Santiago Matatlan,7989,2874,35.9745,2226,375,182,91,77.453,13.048,6.3326,64.405
20476,20,Oaxaca,Santiago Miltepec,316,152,48.1013,106,31,10,5,69.7368,20.3947,6.5789,49.3421
20477,20,Oaxaca,Santiago Minas,1133,566,49.9559,485,42,10,29,85.689,7.4205,1.7668,78.2685
20478,20,Oaxaca,Santiago Nacaltepec,1334,761,57.0465,681,53,18,9,89.4875,6.9645,2.3653,82.523
20479,20,Oaxaca,Santiago Nejapilla,153,82,53.5948,59,18,4,1,71.9512,21.9512,4.878,50
20480,20,Oaxaca,Santiago Nundiche,812,526,64.7783,483,27,12,4,91.8251,5.1331,2.2814,86.692
20481,20,Oaxaca,Santiago Nuyoo,1484,852,57.4124,789,24,15,24,92.6056,2.8169,1.7606,89.7887
20482,20,Oaxaca,Santiago Pinotepa Nacional,40500,24336,60.0889,17347,4883,1346,760,71.2812,20.0649,5.5309,51.2163
20483,20,Oaxaca,Santiago Suchilquitongo,8412,6134,72.9196,4305,1046,627,156,70.1826,17.0525,10.2217,53.1301
20484,20,Oaxaca,Santiago Tamazola,3281,1944,59.2502,1238,578,76,52,63.6831,29.7325,3.9095,33.9506
20485,20,Oaxaca,Santiago Tapextla,2170,1443,66.4977,1237,95,46,65,85.7242,6.5835,3.1878,79.1407
20486,20,Oaxaca,Villa Tejupam de la Union,2004,1429,71.3074,999,280,124,26,69.909,19.5941,8.6774,50.3149
20487,20,Oaxaca,Santiago Tenango,1547,721,46.6063,518,109,80,14,71.8447,15.1179,11.0957,56.7268
20488,20,Oaxaca,Santiago Tepetlapa,95,66,69.4737,50,8,7,1,75.7576,12.1212,10.6061,63.6364
20489,20,Oaxaca,Santiago Tetepec,3526,2414,68.4628,1965,292,71,86,81.4002,12.0961,2.9412,69.3041
20490,20,Oaxaca,Santiago Texcalcingo,1963,665,33.8767,295,307,18,45,44.3609,46.1654,2.7068,-1.8045
20491,20,Oaxaca,Santiago Textitlan,2959,1494,50.49,1225,155,49,65,81.9946,10.3748,3.2798,71.6198
20492,20,Oaxaca,Santiago Tilantongo,2196,1168,53.1876,897,140,68,63,76.7979,11.9863,5.8219,64.8116
20493,20,Oaxaca,Santiago Tillo,423,271,64.0662,213,39,16,3,78.5978,14.3911,5.9041,64.2067
20494,20,Oaxaca,Santiago Tlazoyaltepec,4391,2221,50.5807,1816,235,70,100,81.765,10.5808,3.1517,71.1842
20495,20,Oaxaca,Santiago Xanica,2196,847,38.5701,704,67,15,61,83.1169,7.9103,1.771,75.2066
20496,20,Oaxaca,Santiago Xiacui,1331,775,58.2269,650,61,48,16,83.871,7.871,6.1935,76
20497,20,Oaxaca,Santiago Yaitepec,3027,1342,44.3343,645,599,40,58,48.0626,44.6349,2.9806,3.4277
20498,20,Oaxaca,Santiago Yaveo,5406,2769,51.2209,2367,235,89,78,85.4821,8.4868,3.2142,76.9953
20499,20,Oaxaca,Santiago Yolomecatl,1742,914,52.4684,802,51,48,13,87.7462,5.5799,5.2516,82.1663
20500,20,Oaxaca,Santiago Yosondua,5838,3335,57.1257,2921,235,93,86,87.5862,7.0465,2.7886,80.5397
20501,20,Oaxaca,Santiago Yucuyachi,837,306,36.5591,274,22,6,4,89.5425,7.1895,1.9608,82.353
20502,20,Oaxaca,Santiago Zacatepec,3533,1079,30.5406,676,224,98,81,62.6506,20.76,9.0825,41.8906
20503,20,Oaxaca,Santiago Zoochila,361,211,58.4488,199,6,3,3,94.3128,2.8436,1.4218,91.4692
20504,20,Oaxaca,Nuevo Zoquiapam,1218,453,37.1921,414,24,9,6,91.3907,5.298,1.9868,86.0927
20505,20,Oaxaca,Santo Domingo Ingenio,6868,4878,71.025,4017,258,470,133,82.3493,5.2891,9.6351,72.7142
20506,20,Oaxaca,Santo Domingo Albarradas,628,396,63.0573,385,8,1,2,97.2222,2.0202,0.2525,95.202
20507,20,Oaxaca,Santo Domingo Armenta,2332,476,20.4117,272,178,13,13,57.1429,37.395,2.7311,19.7479
20508,20,Oaxaca,Santo Domingo Chihuitan,1305,883,67.6628,730,105,27,21,82.6727,11.8913,3.0578,70.7814
20509,20,Oaxaca,Santo Domingo de Morelos,8157,3329,40.8116,2840,321,74,94,85.3109,9.6425,2.2229,75.6684
20510,20,Oaxaca,Santo Domingo Ixcatlan,514,300,58.3658,254,27,12,7,84.6667,9,4,75.6667
20511,20,Oaxaca,Santo Domingo Nuxaa,2412,1111,46.0614,791,264,39,17,71.1971,23.7624,3.5104,47.4347
20512,20,Oaxaca,Santo Domingo Ozolotepec,800,326,40.75,274,31,9,12,84.0491,9.5092,2.7607,74.5399
20513,20,Oaxaca,Santo Domingo Petapa,6351,4647,73.1696,3518,336,748,45,75.7048,7.2305,16.0964,59.6084
20514,20,Oaxaca,Santo Domingo Roayaga,682,311,45.6012,286,22,0,3,91.9614,7.074,0,84.8874
20515,20,Oaxaca,Santo Domingo Tehuantepec,51532,33788,65.567,28551,2893,1733,611,84.5004,8.5622,5.129,75.9382
20516,20,Oaxaca,Santo Domingo Teojomulco,3714,1455,39.1761,1265,111,34,45,86.9416,7.6289,2.3368,79.3127
20517,20,Oaxaca,Santo Domingo Tepuxtepec,4003,1345,33.5998,982,271,46,46,73.0112,20.1487,3.4201,52.8625
20518,20,Oaxaca,Santo Domingo Tlatayapam,107,72,67.2897,63,7,2,0,87.5,9.7222,2.7778,77.7778
20519,20,Oaxaca,Santo Domingo Tomaltepec,2469,1377,55.7716,1119,144,93,21,81.2636,10.4575,6.7538,70.8061
20520,20,Oaxaca,Santo Domingo Tonala,6201,3615,58.297,2855,530,109,121,78.9765,14.6611,3.0152,64.3154
20521,20,Oaxaca,Santo Domingo Tonaltepec,197,130,65.9898,104,16,5,5,80,12.3077,3.8462,67.6923
20522,20,Oaxaca,Santo Domingo Xagacia,819,412,50.3053,370,23,8,11,89.8058,5.5825,1.9417,84.2233
20523,20,Oaxaca,Santo Domingo Yanhuitlan,1166,671,57.5472,532,80,40,19,79.2846,11.9225,5.9613,67.3621
20524,20,Oaxaca,Santo Domingo Yodohino,293,183,62.4573,175,4,2,2,95.6284,2.1858,1.0929,93.4426
20525,20,Oaxaca,Santo Domingo Zanatepec,9637,6019,62.4572,4946,577,342,154,82.1731,9.5863,5.682,72.5868
20526,20,Oaxaca,Santos Reyes Nopala,13309,7480,56.2026,4408,2670,171,231,58.9305,35.6952,2.2861,23.2353
20527,20,Oaxaca,Santos Reyes Papalo,1832,578,31.5502,426,112,20,20,73.7024,19.3772,3.4602,54.3252
20528,20,Oaxaca,Santos Reyes Tepejillo,713,385,53.9972,362,9,4,10,94.026,2.3377,1.039,91.6883
20529,20,Oaxaca,Santos Reyes Yucuna,962,327,33.9917,290,27,2,8,88.685,8.2569,0.6116,80.4281
20530,20,Oaxaca,Santo Tomas Jalieza,2753,1280,46.4947,1034,145,69,32,80.7812,11.3281,5.3906,69.4531
20531,20,Oaxaca,Santo Tomas Mazaltepec,1904,812,42.6471,732,39,28,13,90.1478,4.803,3.4483,85.3448
20532,20,Oaxaca,Santo Tomas Ocotepec,2843,1499,52.726,1385,59,17,38,92.3949,3.936,1.1341,88.4589
20533,20,Oaxaca,Santo Tomas Tamazulapan,1928,836,43.361,713,54,42,27,85.2871,6.4593,5.0239,78.8278
20534,20,Oaxaca,San Vicente Coatlan,2888,639,22.126,466,88,17,68,72.9264,13.7715,2.6604,59.1549
20535,20,Oaxaca,San Vicente Lachixio,2193,897,40.9029,751,99,12,35,83.7235,11.0368,1.3378,72.6867
20536,20,Oaxaca,San Vicente Nuñu,363,221,60.8815,154,57,6,4,69.6833,25.7919,2.7149,43.8914
20537,20,Oaxaca,Silacayoapam,5638,3188,56.5449,2721,271,112,84,85.3513,8.5006,3.5132,76.8507
20538,20,Oaxaca,Sitio de Xitlapehua,538,304,56.5056,235,33,23,13,77.3026,10.8553,7.5658,66.4473
20539,20,Oaxaca,Soledad Etla,5299,3705,69.9189,2818,466,372,49,76.0594,12.5776,10.0405,63.4818
20540,20,Oaxaca,Villa de Tamazulapam del Progreso,6273,4816,76.7735,3916,518,301,81,81.3123,10.7558,6.25,70.5565
20541,20,Oaxaca,Tanetze de Zaragoza,1241,624,50.282,540,38,15,31,86.5385,6.0897,2.4038,80.4488
20542,20,Oaxaca,Taniche,677,352,51.9941,247,70,22,13,70.1705,19.8864,6.25,50.2841
20543,20,Oaxaca,Tataltepec de Valdes,4233,1726,40.7749,1330,285,38,73,77.0568,16.5122,2.2016,60.5446
20544,20,Oaxaca,Teococuilco de Marcos Perez,819,361,44.0781,340,10,6,5,94.1828,2.7701,1.662,91.4127
20545,20,Oaxaca,Teotitlan de Flores Magon,7858,5623,71.5576,4324,600,552,147,76.8985,10.6705,9.8168,66.228
20546,20,Oaxaca,Teotitlan del Valle,5158,2833,54.9244,2332,254,175,72,82.3156,8.9658,6.1772,73.3498
20547,20,Oaxaca,Teotongo,832,540,64.9038,493,24,13,10,91.2963,4.4444,2.4074,86.8519
20548,20,Oaxaca,Tepelmeme Villa de Morelos,1403,587,41.8389,504,46,25,12,85.8603,7.8365,4.2589,78.0238
20549,20,Oaxaca,Tezoatlan de Segura y Luna,9414,5064,53.7922,3769,887,217,191,74.4273,17.5158,4.2852,56.9115
20550,20,Oaxaca,San Jeronimo Tlacochahuaya,4482,2408,53.726,1908,314,140,46,79.2359,13.0399,5.814,66.196
20551,20,Oaxaca,Tlacolula de Matamoros,23397,14856,63.4953,11317,1699,1497,343,76.178,11.4365,10.0767,64.7415
20552,20,Oaxaca,Tlacotepec Plumas,327,200,61.1621,189,10,0,1,94.5,5,0,89.5
20553,20,Oaxaca,Tlalixtac de Cabrera,8657,3770,43.5486,2489,889,329,63,66.0212,23.5809,8.7268,42.4403
20554,20,Oaxaca,Totontepec Villa de Morelos,3935,1552,39.4409,1274,185,30,63,82.0876,11.9201,1.933,70.1675
20555,20,Oaxaca,Trinidad Zaachila,2636,1767,67.0334,1377,178,149,63,77.9287,10.0736,8.4324,67.8551
20556,20,Oaxaca,Trinidad Vista Hermosa--La,235,163,69.3617,153,1,8,1,93.865,0.6135,4.908,88.957
20557,20,Oaxaca,Union Hidalgo,11665,8643,74.0934,8063,306,203,71,93.2894,3.5404,2.3487,89.749
20558,20,Oaxaca,Valerio Trujano,1271,972,76.4752,810,91,43,28,83.3333,9.3621,4.4239,73.9712
20559,20,Oaxaca,San Juan Bautista Valle Nacional,17897,11842,66.1675,9221,1248,1013,360,77.8669,10.5388,8.5543,67.3281
20560,20,Oaxaca,Villa Diaz Ordaz,5061,2187,43.2128,1758,242,111,76,80.3841,11.0654,5.0754,69.3187
20561,20,Oaxaca,Yaxe,2157,800,37.0885,649,103,23,25,81.125,12.875,2.875,68.25
20562,20,Oaxaca,Magdalena Yodocono de Porfirio Diaz,1197,563,47.0343,443,88,24,8,78.6856,15.6306,4.2629,63.055
20563,20,Oaxaca,Yogana,1035,490,47.343,375,72,12,31,76.5306,14.6939,2.449,61.8367
20564,20,Oaxaca,Yutanduchi de Guerrero,905,533,58.895,431,64,12,26,80.863,12.0075,2.2514,68.8555
20565,20,Oaxaca,Villa de Zaachila,33655,20699,61.5035,15105,2311,2762,521,72.9745,11.1648,13.3436,59.6309
20566,20,Oaxaca,San Mateo Yucutindoo,2300,848,36.8696,770,43,18,17,90.8019,5.0708,2.1226,85.7311
20567,20,Oaxaca,Zapotitlan Lagunas,2310,1266,54.8052,1023,141,23,79,80.8057,11.1374,1.8167,69.6683
20568,20,Oaxaca,Zapotitlan Palmas,1366,413,30.2343,327,54,15,17,79.1768,13.0751,3.632,66.1017
20569,20,Oaxaca,Santa Ines de Zaragoza,1112,585,52.6079,444,111,19,11,75.8974,18.9744,3.2479,56.923
20570,20,Oaxaca,Zimatlan de Alvarez,16830,12608,74.9138,9373,1336,1548,351,74.3417,10.5964,12.2779,62.0638
21001,21,Puebla,Acajete,48800,28176,57.7377,20822,3482,3045,827,73.8998,12.358,10.8071,61.5418
21002,21,Puebla,Acateno,7466,5728,76.7211,4106,1169,295,158,71.683,20.4085,5.1501,51.2745
21003,21,Puebla,Acatlan,29270,19006,64.9334,15680,1992,941,393,82.5003,10.4809,4.9511,72.0194
21004,21,Puebla,Acatzingo,41293,24406,59.1044,17841,3443,2470,652,73.1009,14.1072,10.1205,58.9937
21005,21,Puebla,Acteopan,2319,1950,84.088,896,847,101,106,45.9487,43.4359,5.1795,2.5128
21006,21,Puebla,Ahuacatlan,11390,9346,82.0544,6961,1714,437,234,74.4811,18.3394,4.6758,56.1417
21007,21,Puebla,Ahuatlan,2400,1560,65,936,529,52,43,60,33.9103,3.3333,26.0897
21008,21,Puebla,Ahuazotepec,8532,5614,65.7993,3934,1067,425,188,70.0748,19.0061,7.5704,51.0687
21009,21,Puebla,Ahuehuetitla,1865,1292,69.2761,1205,35,34,18,93.2663,2.709,2.6316,90.5573
21010,21,Puebla,Ajalpan,49292,37431,75.9373,24354,8046,1901,3130,65.0637,21.4956,5.0787,43.5681
21011,21,Puebla,Albino Zertuche,1380,1045,75.7246,605,360,61,19,57.8947,34.4498,5.8373,23.4449
21012,21,Puebla,Aljojuca,5194,4054,78.0516,2736,767,390,161,67.4889,18.9196,9.6201,48.5693
21013,21,Puebla,Altepexi,15120,12469,82.4669,9724,1004,1357,384,77.9854,8.052,10.883,67.1024
21014,21,Puebla,Amixtlan,3927,3122,79.5009,1889,926,207,100,60.506100000000004,29.6605,6.6304,30.8456
21015,21,Puebla,Amozoc,82628,54438,65.8832,38080,8332,6461,1565,69.9511,15.3055,11.8685,54.6456
21016,21,Puebla,Aquixtla,6645,5208,78.3747,2934,1596,436,242,56.3364,30.6452,8.3717,25.6912
21017,21,Puebla,Atempan,21577,15515,71.9053,11150,2686,1215,464,71.8659,17.3123,7.8311,54.5536
21018,21,Puebla,Atexcal,3034,2342,77.1918,1432,485,322,103,61.1443,20.7088,13.7489,40.4355
21019,21,Puebla,Atlixco,113292,67244,59.3546,45110,14157,6490,1487,67.0841,21.0532,9.6514,46.0309
21020,21,Puebla,Atoyatempan,5484,4213,76.8235,3041,485,574,113,72.1813,11.512,13.6245,58.5568
21021,21,Puebla,Atzala,1129,844,74.7564,726,63,33,22,86.019,7.4645,3.91,78.5545
21022,21,Puebla,Atzitzihuacan,9415,6814,72.3739,4316,1899,286,313,63.3402,27.8691,4.1972,35.4711
21023,21,Puebla,Atzitzintla,6893,4982,72.2762,2369,1182,1183,248,47.5512,23.7254,23.7455,23.8057
21024,21,Puebla,Axutla,1218,801,65.7635,671,82,23,25,83.7703,10.2372,2.8714,73.5331
21025,21,Puebla,Ayotoxco de Guerrero,6467,4607,71.2386,3629,656,234,88,78.7714,14.2392,5.0792,64.5322
21026,21,Puebla,Calpan,11145,7024,63.0238,4569,1107,1073,275,65.0484,15.7603,15.2762,49.2881
21027,21,Puebla,Caltepec,3592,2810,78.2294,1827,636,216,131,65.0178,22.6335,7.6868,42.3843
21028,21,Puebla,Camocuautla,2154,1856,86.1653,1042,672,106,36,56.1422,36.2069,5.7112,19.9353
21029,21,Puebla,Caxhuacan,2991,2404,80.3745,1709,289,317,89,71.0899,12.0216,13.1864,57.9035
21030,21,Puebla,Coatepec,720,618,85.8333,432,55,36,95,69.9029,8.8997,5.8252,61.0032
21031,21,Puebla,Coatzingo,2346,1691,72.0801,1317,166,108,100,77.8829,9.8167,6.3868,68.0662
21032,21,Puebla,Cohetzala,1224,875,71.4869,547,33,275,20,62.5143,3.7714,31.4286,31.0857
21033,21,Puebla,Cohuecan,3770,2878,76.3395,1817,782,191,88,63.1341,27.1716,6.6366,35.9625
21034,21,Puebla,Coronango,47873,32303,67.4764,21367,5722,4434,780,66.1456,17.7135,13.7263,48.4321
21035,21,Puebla,Coxcatlan,15848,10119,63.8503,7633,1615,533,338,75.4324,15.9601,5.2673,59.4723
21036,21,Puebla,Coyomeapan,10033,6274,62.5336,4896,749,316,313,78.0363,11.9382,5.0367,66.0981
21037,21,Puebla,Coyotepec,2104,1612,76.616,1253,241,92,26,77.7295,14.9504,5.7072,62.7791
21038,21,Puebla,Cuapiaxtla de Madero,6876,4511,65.605,3031,575,798,107,67.1913,12.7466,17.6901,49.5012
21039,21,Puebla,Cuautempan,7643,6047,79.1181,3879,1553,367,248,64.1475,25.6822,6.0691,38.4653
21040,21,Puebla,Cuautinchan,8476,6668,78.6692,4897,786,728,257,73.4403,11.7876,10.9178,61.6527
21041,21,Puebla,Cuautlancingo,87618,59291,67.6699,34896,16475,6806,1114,58.8555,27.7867,11.479,31.0688
21042,21,Puebla,Cuayuca de Andrade,2897,2103,72.5923,1730,214,99,60,82.2634,10.1759,4.7076,72.0875
21043,21,Puebla,Cuetzalan del Progreso,36123,25222,69.8226,17950,5010,1251,1011,71.168,19.8636,4.96,51.3044
21044,21,Puebla,Cuyoaco,12501,9669,77.3458,6285,2411,686,287,65.0016,24.9354,7.0948,40.0662
21045,21,Puebla,Chalchicomula de Sesma,35408,24486,69.1539,14632,3159,5750,945,59.7566,12.9012,23.4828,36.2738
21046,21,Puebla,Chapulco,5784,4445,76.8499,2974,913,452,106,66.9066,20.5399,10.1687,46.3667
21047,21,Puebla,Chiautla,17301,10315,59.6208,7628,1826,595,266,73.9506,17.7024,5.7683,56.2482
21048,21,Puebla,Chiautzingo,15573,9476,60.8489,6719,1334,1207,216,70.9054,14.0777,12.7374,56.8277
21049,21,Puebla,Chiconcuautla,12457,9400,75.4596,4436,3455,415,1094,47.1915,36.7553,4.4149,10.4362
21050,21,Puebla,Chichiquila,17242,12321,71.4592,5546,5514,618,643,45.0126,44.7529,5.0158,0.2597
21051,21,Puebla,Chietla,28120,17918,63.7198,14999,898,1644,377,83.7091,5.0117,9.1751,74.534
21052,21,Puebla,Chigmecatitlan,1235,1016,82.2672,737,214,44,21,72.5394,21.063,4.3307,51.4764
21053,21,Puebla,Chignahuapan,49747,35089,70.5349,21127,9029,3154,1779,60.2098,25.7317,8.9886,34.4781
21054,21,Puebla,Chignautla,24884,17927,72.0423,10645,3627,2808,847,59.3797,20.2321,15.6635,39.1476
21055,21,Puebla,Chila,4282,2996,69.9673,1923,900,109,64,64.1856,30.0401,3.6382,34.1455
21056,21,Puebla,Chila de la Sal,1234,913,73.987,837,45,18,13,91.6758,4.9288,1.9715,86.747
21057,21,Puebla,Honey,5346,3846,71.9416,2103,836,752,155,54.6802,21.7369,19.5528,32.9433
21058,21,Puebla,Chilchotla,13547,9910,73.1527,7059,970,1196,685,71.2311,9.7881,12.0686,59.1625
21059,21,Puebla,Chinantla,2530,1513,59.8024,1225,202,46,40,80.965,13.351,3.0403,67.614
21060,21,Puebla,Domingo Arenas,5713,3701,64.7821,2508,567,491,135,67.7655,15.3202,13.2667,52.4453
21061,21,Puebla,Eloxochitlan,10096,7873,77.9814,7003,373,277,220,88.9496,4.7377,3.5184,84.2119
21062,21,Puebla,Epatlan,3799,2508,66.0174,1707,552,190,59,68.0622,22.0096,7.5758,46.0526
21063,21,Puebla,Esperanza,10974,6840,62.3291,5463,625,544,208,79.8684,9.1374,7.9532,70.731
21064,21,Puebla,Francisco Z. Mena,13255,9559,72.1162,6652,2200,467,240,69.5889,23.015,4.8854,46.5739
21065,21,Puebla,General Felipe Angeles,15469,10525,68.0393,7662,1444,924,495,72.7981,13.7197,8.7791,59.0784
21066,21,Puebla,Guadalupe,5445,3653,67.0891,2717,729,83,124,74.3772,19.9562,2.2721,54.421
21067,21,Puebla,Guadalupe Victoria,12988,9615,74.0299,6976,1543,869,227,72.5533,16.0478,9.038,56.5055
21068,21,Puebla,Hermenegildo Galeana,5544,4185,75.487,2426,1478,115,166,57.9689,35.3166,2.7479,22.6523
21069,21,Puebla,Huaquechula,21172,13162,62.167,8255,3780,631,496,62.7184,28.719,4.7941,33.9994
21070,21,Puebla,Huatlatlauca,5142,3639,70.7701,2732,586,215,106,75.0756,16.1033,5.9082,58.9723
21071,21,Puebla,Huauchinango,78204,49982,63.9123,32962,8974,5738,2308,65.9477,17.9545,11.4801,47.9932
21072,21,Puebla,Huehuetla,12484,9786,78.3883,5446,3544,565,231,55.6509,36.215,5.7736,19.4359
21073,21,Puebla,Huehuetlan El Chico,7410,5129,69.2173,4112,687,216,114,80.1716,13.3944,4.2113,66.7772
21074,21,Puebla,Huejotzingo,66967,44461,66.3924,27508,6721,8952,1280,61.87,15.1166,20.1345,41.7355
21075,21,Puebla,Hueyapan,9333,6589,70.5989,4347,1504,480,258,65.9736,22.8259,7.2849,43.1477
21076,21,Puebla,Hueytamalco,21213,14021,66.0963,9214,3118,1231,458,65.7157,22.2381,8.7797,43.4776
21077,21,Puebla,Hueytlalpan,4732,3735,78.9307,2166,1323,118,128,57.992,35.4217,3.1593,22.5703
21078,21,Puebla,Huitzilan de Serdan,11115,7400,66.5767,4122,2874,176,228,55.7027,38.8378,2.3784,16.8649
21079,21,Puebla,Huitziltepec,4397,3091,70.2979,2258,475,276,82,73.0508,15.3672,8.9291,57.6836
21080,21,Puebla,Atlequizayan,2067,1658,80.2129,685,560,367,46,41.3148,33.7756,22.1351,7.5392
21081,21,Puebla,Ixcamilpa de Guerrero,3024,2187,72.3214,1610,386,105,86,73.6168,17.6497,4.8011,55.9671
21082,21,Puebla,Ixcaquixtla,6582,4764,72.3792,3374,1029,243,118,70.8228,21.5995,5.1008,49.2233
21083,21,Puebla,Ixtacamaxtitlan,19053,15335,80.486,10173,3859,772,531,66.3384,25.1647,5.0342,41.1737
21084,21,Puebla,Ixtepec,5635,4294,76.2023,2194,1173,711,216,51.0946,27.3172,16.558,23.7774
21085,21,Puebla,Izucar de Matamoros,61610,36398,59.0781,28369,4258,2915,856,77.9411,11.6984,8.0087,66.2427
21086,21,Puebla,Jalpan,9538,6551,68.6832,5083,836,406,226,77.5912,12.7614,6.1975,64.8298
21087,21,Puebla,Jolalpan,9478,6841,72.1777,4430,1874,383,154,64.7566,27.3937,5.5986,37.3629
21088,21,Puebla,Jonotla,3641,2625,72.0956,2099,236,148,142,79.9619,8.9905,5.6381,70.9714
21089,21,Puebla,Jopala,9753,7001,71.783,4553,669,1132,647,65.0336,9.5558,16.1691,48.8645
21090,21,Puebla,Juan C. Bonilla,19863,13223,66.571,9258,1833,1803,329,70.0144,13.8622,13.6353,56.1522
21091,21,Puebla,Juan Galindo,6208,4393,70.7635,3301,652,331,109,75.1423,14.8418,7.5347,60.3005
21092,21,Puebla,Juan N. Mendez,4153,3099,74.6208,2204,522,306,67,71.1197,16.8441,9.8742,54.2756
21093,21,Puebla,Lafragua,6119,4807,78.5586,3893,548,262,104,80.9861,11.4,5.4504,69.5861
21094,21,Puebla,Libres,26954,20130,74.6828,12977,3631,2975,547,64.466,18.0378,14.7789,46.4282
21095,21,Puebla,Magdalena Tlatlauquitepec--La,558,495,88.7097,299,122,51,23,60.404,24.6465,10.303,35.7575
21096,21,Puebla,Mazapiltepec de Juarez,2335,1831,78.4154,1387,248,148,48,75.751,13.5445,8.083,62.2065
21097,21,Puebla,Mixtla,1906,1444,75.7608,1062,223,126,33,73.5457,15.4432,8.7258,58.1025
21098,21,Puebla,Molcaxac,5147,3828,74.3734,3017,454,254,103,78.814,11.86,6.6353,66.954
21099,21,Puebla,Cañada Morelos,15221,9859,64.7724,6546,1539,1335,439,66.3962,15.6101,13.5409,50.7861
21100,21,Puebla,Naupan,7058,5645,79.9802,3171,1895,341,238,56.1736,33.5695,6.0407,22.6041
21101,21,Puebla,Nauzontla,2612,1964,75.1914,1161,487,202,114,59.1141,24.7963,10.2851,34.3178
21102,21,Puebla,Nealtican,10044,7169,71.3759,5063,1286,675,145,70.6235,17.9383,9.4155,52.6852
21103,21,Puebla,Nicolas Bravo,5097,3781,74.1809,2411,688,570,112,63.7662,18.1962,15.0754,45.57
21104,21,Puebla,Nopalucan,19923,13451,67.5149,10168,1236,1393,654,75.5929,9.1889,10.3561,65.2368
21105,21,Puebla,Ocotepec,3837,2861,74.5635,1825,580,327,129,63.7889,20.2726,11.4296,43.5163
21106,21,Puebla,Ocoyucan,33389,22021,65.9529,11263,8894,1379,485,51.1466,40.3887,6.2622,10.7579
21107,21,Puebla,Olintla,8895,3622,40.7195,1585,1826,62,149,43.7604,50.4141,1.7118,-6.6537
21108,21,Puebla,Oriental,14124,10466,74.1008,7631,1837,744,254,72.9123,17.5521,7.1087,55.3602
21109,21,Puebla,Pahuatlan,15216,10569,69.4598,7638,1858,553,520,72.268,17.5797,5.2323,54.6883
21110,21,Puebla,Palmar de Bravo,34201,23923,69.9482,18029,2840,1954,1100,75.3626,11.8714,8.1679,63.4912
21111,21,Puebla,Pantepec,15055,11709,77.7748,8275,2041,979,414,70.6721,17.431,8.3611,53.2411
21112,21,Puebla,Petlalcingo,7353,4729,64.3139,3265,1156,160,148,69.0421,24.4449,3.3834,44.5972
21113,21,Puebla,Piaxtla,4083,2595,63.5562,2249,201,87,58,86.6667,7.7457,3.3526,78.921
21114,21,Puebla,Puebla,1373527,857189,62.4079,500780,247469,90608,18332,58.4212,28.8698,10.5704,29.5514
21115,21,Puebla,Quecholac,39066,27351,70.0123,20795,3037,1901,1618,76.0301,11.1038,6.9504,64.9263
21116,21,Puebla,Quimixtlan,14834,11040,74.4236,9469,792,490,289,85.7699,7.1739,4.4384,78.596
21117,21,Puebla,Rafael Lara Grajales,14920,9865,66.1193,7462,1154,999,250,75.6412,11.6979,10.1267,63.9433
21118,21,Puebla,Reyes de Juarez--Los,19905,12949,65.054,10305,1289,1059,296,79.5814,9.9544,8.1782,69.627
21119,21,Puebla,San Andres Cholula,111356,76065,68.3079,34198,33017,7516,1334,44.9589,43.4063,9.881,1.5526
21120,21,Puebla,San Antonio Cañada,4137,3042,73.5315,1856,950,110,126,61.0125,31.2295,3.616,29.783
21121,21,Puebla,San Diego la Mesa Tochimiltzingo,1035,705,68.1159,604,65,12,24,85.6738,9.2199,1.7021,76.4539
21122,21,Puebla,San Felipe Teotlalcingo,8206,4627,56.3856,3262,712,510,143,70.4992,15.3879,11.0223,55.1113
21123,21,Puebla,San Felipe Tepatlan,3217,2664,82.8101,1458,953,158,95,54.7297,35.7733,5.9309,18.9564
21124,21,Puebla,San Gabriel Chilac,12169,9192,75.5362,6613,1933,495,151,71.943,21.0292,5.3851,50.9138
21125,21,Puebla,San Gregorio Atzompa,7719,5161,66.861,2210,2407,416,128,42.8212,46.6382,8.0605,-3.817
21126,21,Puebla,San Jeronimo Tecuanipan,4655,3475,74.6509,2333,532,482,128,67.1367,15.3094,13.8705,51.8273
21127,21,Puebla,San Jeronimo Xayacatlan,3192,2426,76.0025,1866,395,96,69,76.9167,16.2819,3.9571,60.6348
21128,21,Puebla,San Jose Chiapa,7317,5231,71.491,3143,1150,765,173,60.0841,21.9843,14.6244,38.0998
21129,21,Puebla,San Jose Miahuatlan,10399,7629,73.3628,5682,1497,271,179,74.479,19.6225,3.5522,54.8565
21130,21,Puebla,San Juan Atenco,2946,2199,74.6436,1607,232,306,54,73.0787,10.5503,13.9154,59.1633
21131,21,Puebla,San Juan Atzompa,800,703,87.875,431,222,35,15,61.3087,31.5789,4.9787,29.7298
21132,21,Puebla,San Martin Texmelucan,120625,71738,59.4719,47175,10715,12124,1724,65.7601,14.9363,16.9004,48.8597
21133,21,Puebla,San Martin Totoltepec,640,504,78.75,380,62,50,12,75.3968,12.3016,9.9206,63.0952
21134,21,Puebla,San Matias Tlalancaleca,16351,10983,67.1702,7440,2091,1123,329,67.7411,19.0385,10.2249,48.7026
21135,21,Puebla,San Miguel Ixitlan,487,375,77.0021,188,121,48,18,50.1333,32.2667,12.8,17.8666
21136,21,Puebla,San Miguel Xoxtla,9787,6941,70.9206,4740,1034,1073,94,68.2899,14.897,15.4589,52.831
21137,21,Puebla,San Nicolas Buenos Aires,7402,4340,58.6328,2338,683,1113,206,53.871,15.7373,25.6452,28.2258
21138,21,Puebla,San Nicolas de los Ranchos,8671,6437,74.236,4563,875,748,251,70.8871,13.5933,11.6203,57.2938
21139,21,Puebla,San Pablo Anicano,3011,2261,75.0913,1504,642,67,48,66.5192,28.3945,2.9633,38.1247
21140,21,Puebla,San Pedro Cholula,115015,77512,67.3929,40714,25692,9540,1566,52.5261,33.1458,12.3078,19.3803
21141,21,Puebla,San Pedro Yeloixtlahuaca,2929,2236,76.34,1640,303,226,67,73.3453,13.551,10.1073,59.7943
21142,21,Puebla,San Salvador El Seco,21956,16841,76.7034,12074,1521,2648,598,71.6941,9.0315,15.7235,55.9706
21143,21,Puebla,San Salvador El Verde,25326,14715,58.1023,11411,1331,1689,284,77.5467,9.0452,11.4781,66.0686
21144,21,Puebla,San Salvador Huixcolotla,10834,7170,66.1805,6090,472,518,90,84.9372,6.583,7.2245,77.7127
21145,21,Puebla,San Sebastian Tlacotepec,8953,6871,76.7452,5918,695,116,142,86.1301,10.115,1.6883,76.0151
21146,21,Puebla,Santa Catarina Tlaltempan,772,648,83.9378,476,119,33,20,73.4568,18.3642,5.0926,55.0926
21147,21,Puebla,Santa Ines Ahuatempan,4876,3742,76.7432,2102,1475,106,59,56.1732,39.4174,2.8327,16.7558
21148,21,Puebla,Santa Isabel Cholula,8665,5084,58.6728,3743,580,561,200,73.6231,11.4083,11.0346,62.2148
21149,21,Puebla,Santiago Miahuatlan,21621,14909,68.9561,12607,1102,885,315,84.5597,7.3915,5.936,77.1682
21150,21,Puebla,Huehuetlan El Grande,5054,3788,74.9505,2255,1260,172,101,59.5301,33.2629,4.5407,26.2672
21151,21,Puebla,Santo Tomas Hueyotlipan,6629,4471,67.4461,3407,542,439,83,76.2022,12.1226,9.8188,64.0796
21152,21,Puebla,Soltepec,9585,6291,65.6338,5075,545,516,155,80.6708,8.6632,8.2022,72.0076
21153,21,Puebla,Tecali de Herrera,16887,11826,70.0302,8367,1790,1393,276,70.7509,15.1361,11.7791,55.6148
21154,21,Puebla,Tecamachalco,59783,38430,64.2825,27765,5508,4300,857,72.2482,14.3326,11.1892,57.9156
21155,21,Puebla,Tecomatlan,4809,2513,52.2562,1242,1080,99,92,49.423,42.9765,3.9395,6.4465
21156,21,Puebla,Tehuacan,239629,147212,61.4333,109102,22024,12927,3159,74.1122,14.9607,8.7812,59.1515
21157,21,Puebla,Tehuitzingo,9916,6624,66.8011,4714,1472,277,161,71.1655,22.2222,4.1818,48.9433
21158,21,Puebla,Tenampulco,5583,4476,80.172,2754,1418,194,110,61.5282,31.6801,4.3342,29.8481
21159,21,Puebla,Teopantlan,3216,2373,73.7873,1396,858,53,66,58.8285,36.1568,2.2335,22.6717
21160,21,Puebla,Teotlalco,2622,1764,67.2769,1173,379,158,54,66.4966,21.4853,8.9569,45.0113
21161,21,Puebla,Tepanco de Lopez,17354,12010,69.2059,9642,747,1247,374,80.2831,6.2198,10.383,69.9001
21162,21,Puebla,Tepango de Rodriguez,3260,2587,79.3558,1801,425,108,253,69.6173,16.4283,4.1747,53.189
21163,21,Puebla,Tepatlaxco de Hidalgo,13182,9263,70.2701,6937,1018,1049,259,74.8893,10.99,11.3246,63.5647
21164,21,Puebla,Tepeaca,61150,39227,64.1488,27656,6961,3491,1119,70.5025,17.7454,8.8995,52.7571
21165,21,Puebla,Tepemaxalco,846,639,75.5319,489,51,19,80,76.5258,7.9812,2.9734,68.5446
21166,21,Puebla,Tepeojuma,7120,4632,65.0562,2901,1394,213,124,62.6295,30.095,4.5984,32.5345
21167,21,Puebla,Tepetzintla,7854,5825,74.166,3552,1540,443,290,60.9785,26.4378,7.6052,34.5407
21168,21,Puebla,Tepexco,5419,3805,70.2159,2998,331,204,272,78.7911,8.6991,5.3614,70.092
21169,21,Puebla,Tepexi de Rodriguez,15892,10785,67.8643,7362,2465,632,326,68.2615,22.8558,5.86,45.4057
21170,21,Puebla,Tepeyahualco,14126,10996,77.8423,7390,1090,2065,451,67.2063,9.9127,18.7796,48.4267
21171,21,Puebla,Tepeyahualco de Cuauhtemoc,2934,2204,75.1193,1618,312,220,54,73.412,14.1561,9.9819,59.2559
21172,21,Puebla,Tetela de Ocampo,20084,14776,73.571,9247,3962,952,615,62.5812,26.8138,6.4429,35.7674
21173,21,Puebla,Teteles de Avila Castillo,4724,3590,75.9949,2498,533,469,90,69.5822,14.8468,13.0641,54.7354
21174,21,Puebla,Teziutlan,78899,50720,64.2847,31873,8995,8358,1494,62.8411,17.7346,16.4787,45.1065
21175,21,Puebla,Tianguismanalco,9338,6610,70.786,5203,717,479,211,78.7141,10.8472,7.2466,67.8669
21176,21,Puebla,Tilapa,7215,4665,64.657,3821,409,323,112,81.9078,8.7674,6.9239,73.1404
21177,21,Puebla,Tlacotepec de Benito Juarez,38322,25776,67.2616,19324,3640,1758,1054,74.969,14.1217,6.8203,60.8473
21178,21,Puebla,Tlacuilotepec,12474,9188,73.6572,7535,930,418,305,82.0091,10.1219,4.5494,71.887200000000007
21179,21,Puebla,Tlachichuca,22960,15797,68.8023,9542,1345,4302,608,60.4039,8.5143,27.233,33.1709
21180,21,Puebla,Tlahuapan,31112,21438,68.9059,15752,3228,1740,718,73.477,15.0574,8.1164,58.4196
21181,21,Puebla,Tlaltenango,5406,3953,73.1225,2868,517,364,204,72.5525,13.0787,9.2082,59.4738
21182,21,Puebla,Tlanepantla,3839,2617,68.1688,1903,216,462,36,72.7169,8.2537,17.6538,55.0631
21183,21,Puebla,Tlaola,15958,11446,71.7258,5759,4519,501,667,50.3145,39.481,4.3771,10.8335
21184,21,Puebla,Tlapacoya,5345,4168,77.9794,2621,1283,161,103,62.8839,30.7821,3.8628,32.1018
21185,21,Puebla,Tlapanala,7178,4441,61.8696,3339,622,245,235,75.1858,14.0059,5.5168,61.1799
21186,21,Puebla,Tlatlauquitepec,41565,28914,69.5633,21941,3354,2756,863,75.8837,11.5999,9.5317,64.2838
21187,21,Puebla,Tlaxco,3940,3328,84.467,2397,211,641,79,72.0252,6.3401,19.2608,52.7644
21188,21,Puebla,Tochimilco,13518,9242,68.3681,5334,2268,1040,600,57.7148,24.5401,11.253,33.1747
21189,21,Puebla,Tochtepec,15862,10650,67.1416,8358,1243,817,232,78.4789,11.6714,7.6714,66.8075
21190,21,Puebla,Totoltepec de Guerrero,974,789,81.0062,660,84,26,19,83.6502,10.6464,3.2953,73.0038
21191,21,Puebla,Tulcingo,7567,4522,59.7595,3625,455,330,112,80.1636,10.0619,7.2977,70.1017
21192,21,Puebla,Tuzamapan de Galeana,4770,3788,79.413,3047,468,133,140,80.4382,12.3548,3.5111,68.0834
21193,21,Puebla,Tzicatlacoyan,5364,3626,67.5988,2772,465,242,147,76.4479,12.824,6.674,63.6239
21194,21,Puebla,Venustiano Carranza,20886,10320,49.4111,6975,2523,443,379,67.5872,24.4477,4.2926,43.1395
21195,21,Puebla,Vicente Guerrero,18559,13626,73.4199,5534,6800,453,839,40.6135,49.9046,3.3245,-9.2911
21196,21,Puebla,Xayacatlan de Bravo,1478,1112,75.2368,997,56,38,21,89.6583,5.036,3.4173,84.6223
21197,21,Puebla,Xicotepec,59577,36290,60.9128,24721,6281,3736,1552,68.1207,17.3078,10.2948,50.8129
21198,21,Puebla,Xicotlan,1086,902,83.0571,629,213,39,21,69.7339,23.6142,4.3237,46.1197
21199,21,Puebla,Xiutetelco,30387,19659,64.6954,12325,2979,3516,839,62.6939,15.1534,17.8849,44.809
21200,21,Puebla,Xochiapulco,2910,2246,77.1821,1506,306,337,97,67.0525,13.6242,15.0045,52.048
21201,21,Puebla,Xochiltepec,2541,1630,64.148,1221,239,93,77,74.908,14.6626,5.7055,60.2454
21202,21,Puebla,Xochitlan de Vicente Suarez,9606,6356,66.167,3328,2094,457,477,52.36,32.9452,7.1901,19.4148
21203,21,Puebla,Xochitlan Todos Santos,5232,3901,74.5604,3258,263,274,106,83.517,6.7419,7.0238,76.4932
21204,21,Puebla,Yaonahuac,6073,4752,78.248,3655,667,300,130,76.915,14.0362,6.3131,62.8788
21205,21,Puebla,Yehualtepec,18689,12553,67.1679,10055,723,1424,351,80.1004,5.7596,11.3439,68.7565
21206,21,Puebla,Zacapala,3380,2454,72.6036,1642,632,82,98,66.9112,25.7539,3.3415,41.1573
21207,21,Puebla,Zacapoaxtla,42407,29175,68.7976,20007,4752,3277,1139,68.5758,16.2879,11.2322,52.2879
21208,21,Puebla,Zacatlan,65758,42009,63.8842,27868,8516,3849,1776,66.3382,20.2718,9.1623,46.0664
21209,21,Puebla,Zapotitlan,7114,5266,74.0231,4041,405,695,125,76.7376,7.6908,13.1979,63.5397
21210,21,Puebla,Zapotitlan de Mendez,4522,3655,80.8271,2658,523,409,65,72.7223,14.3092,11.1902,58.4131
21211,21,Puebla,Zaragoza,12921,9299,71.9681,6848,1086,1110,255,73.6423,11.6787,11.9368,61.7055
21212,21,Puebla,Zautla,15477,12599,81.4047,9277,2315,674,333,73.6328,18.3745,5.3496,55.2583
21213,21,Puebla,Zihuateutla,10423,7849,75.3046,5608,1314,561,366,71.4486,16.741,7.1474,54.7076
21214,21,Puebla,Zinacatepec,12798,9412,73.5427,7004,1666,515,227,74.4156,17.7008,5.4717,56.7148
21215,21,Puebla,Zongozotla,3773,3022,80.0954,2154,362,239,267,71.2773,11.9788,7.9087,59.2985
21216,21,Puebla,Zoquiapan,2143,1719,80.2147,1256,355,68,40,73.0657,20.6515,3.9558,52.4142
21217,21,Puebla,Zoquitlan,14204,10094,71.0645,4237,4254,680,923,41.9754,42.1438,6.7367,-0.1684
22001,22,Querétaro,Amealco de Bonfil,53342,33140,62.1274,15007,10742,5636,1755,45.2836,32.414,17.0066,12.8696
22002,22,Querétaro,Pinal de Amoles,20894,13102,62.707,5778,5841,781,702,44.1001,44.581,5.9609,-0.4809
22003,22,Querétaro,Arroyo Seco,11782,7731,65.617,4696,2133,665,237,60.7425,27.5902,8.6017,33.1523
22004,22,Querétaro,Cadereyta de Montes,55814,34513,61.8357,23434,7234,2774,1071,67.8991,20.9602,8.0376,46.9389
22005,22,Querétaro,Colon,51269,32570,63.5277,17847,7851,5671,1201,54.7958,24.105,17.4117,30.6908
22006,22,Querétaro,Corregidora,175899,115270,65.5319,44395,59241,9447,2187,38.5139,51.3933,8.1955,-12.8794
22007,22,Querétaro,Ezequiel Montes,35048,24943,71.1681,13611,8163,2438,731,54.5684,32.7266,9.7743,21.8418
22008,22,Querétaro,Huimilpan,32321,18701,57.8602,8132,7586,2106,877,43.4843,40.5647,11.2614,2.9196
22009,22,Querétaro,Jalpan de Serra,22852,14217,62.2134,8721,3450,1324,722,61.3421,24.2667,9.3128,37.0754
22010,22,Querétaro,Landa de Matamoros,16993,10950,64.4383,5194,4536,605,615,47.4338,41.4247,5.5251,6.0091
22011,22,Querétaro,Marques--El,175441,115823,66.0182,58461,45822,8963,2577,50.4744,39.5621,7.7385,10.9123
22012,22,Querétaro,Pedro Escobedo,59227,38429,64.8843,25591,8846,3080,912,66.5929,23.0191,8.0148,43.5738
22013,22,Querétaro,Peñamiller,15737,11482,72.9618,7872,1970,1293,347,68.5595,17.1573,11.2611,51.4022
22014,22,Querétaro,Queretaro,847225,534356,63.0713,257374,215677,49892,11413,48.1653,40.362,9.3368,7.8033
22015,22,Querétaro,San Joaquin,7653,4717,61.636,3446,742,332,197,73.0549,15.7303,7.0384,57.3246
22016,22,Querétaro,San Juan del Rio,235535,144635,61.407,84799,42477,13903,3456,58.6297,29.3684,9.6125,29.2613
22017,22,Querétaro,Tequisquiapan,59548,42610,71.5557,24821,11444,5320,1025,58.2516,26.8575,12.4853,31.3941
22018,22,Querétaro,Toliman,22726,16822,74.0209,11887,2719,1777,439,70.6634,16.1634,10.5635,54.5
23001,23,Quintana Roo,Cozumel,73184,43851,59.9188,29464,9897,3515,975,67.1912,22.5696,8.0158,44.6216
23002,23,Quintana Roo,Felipe Carrillo Puerto,60335,39168,64.9175,30979,5299,1716,1174,79.0926,13.5289,4.3811,65.5637
23003,23,Quintana Roo,Isla Mujeres,25609,15466,60.3928,12492,1867,761,346,80.7707,12.0716,4.9205,68.6991
23004,23,Quintana Roo,Othon P. Blanco,181115,107064,59.1138,75940,14282,14068,2774,70.9295,13.3397,13.1398,57.5898
23005,23,Quintana Roo,Benito Juarez,699757,375710,53.6915,270853,71236,25604,8017,72.091,18.9604,6.8148,53.1306
23006,23,Quintana Roo,Jose Maria Morelos,29871,24236,81.1355,19399,833,3463,541,80.0421,3.437,14.2887,65.7534
23007,23,Quintana Roo,Lazaro Cardenas,24082,17413,72.3071,14469,1799,662,483,83.0931,10.3314,3.8018,72.7617
23008,23,Quintana Roo,Playa del Carmen,261376,137438,52.5825,102162,24771,7631,2874,74.3332,18.0234,5.5523,56.3098
23009,23,Quintana Roo,Tulum,45323,29891,65.9511,21951,2720,4400,820,73.4368,9.0997,14.7201,58.7167
23010,23,Quintana Roo,Bacalar,34967,19445,55.6096,15346,2178,1309,612,78.92,11.2008,6.7318,67.7192
23011,23,Quintana Roo,Puerto Morelos,25375,15925,62.7586,11744,3062,710,409,73.7457,19.2276,4.4584,54.5181
24001,24,San Luis Potosí,Ahualulco,15151,9668,63.811,6393,1492,1285,498,66.1254,15.4324,13.2913,50.693
24002,24,San Luis Potosí,Alaquines,6479,4377,67.5567,2741,1243,218,175,62.6228,28.3984,4.9806,34.2244
24003,24,San Luis Potosí,Aquismon,36629,27797,75.888,21485,3607,1601,1104,77.2925,12.9762,5.7596,64.3163
24004,24,San Luis Potosí,Armadillo de los Infante,4152,3240,78.0347,1686,1336,128,90,52.037,41.2346,3.9506,10.8024
24005,24,San Luis Potosí,Cardenas,14959,9099,60.8263,6756,1216,858,269,74.2499,13.3641,9.4296,60.8858
24006,24,San Luis Potosí,Catorce,7461,5799,77.7242,3740,1062,622,375,64.4939,18.3135,10.726,46.1804
24007,24,San Luis Potosí,Cedral,15235,10327,67.7847,7752,957,1325,293,75.0654,9.267,12.8304,62.235
24008,24,San Luis Potosí,Cerritos,18538,10767,58.0807,6777,2706,888,396,62.9423,25.1323,8.2474,37.81
24009,24,San Luis Potosí,Cerro de San Pedro,5142,4222,82.1081,2072,1639,402,109,49.0763,38.8205,9.5216,10.2558
24010,24,San Luis Potosí,Ciudad del Maiz,24216,14993,61.9136,9366,3511,1270,846,62.4692,23.4176,8.4706,39.0516
24011,24,San Luis Potosí,Ciudad Fernandez,38990,20631,52.9136,13366,3550,3019,696,64.786,17.2071,14.6333,47.5789
24012,24,San Luis Potosí,Tancanhuitz de Santos,15839,11818,74.6133,7849,2044,1436,489,66.4156,17.2957,12.151,49.1199
24013,24,San Luis Potosí,Ciudad Valles,137115,83982,61.2493,54954,19178,7996,1854,65.4355,22.8358,9.5211,42.5997
24014,24,San Luis Potosí,Coxcatlan,12490,8463,67.7582,4124,2051,1732,556,48.7298,24.2349,20.4656,24.4949
24015,24,San Luis Potosí,Charcas,16569,9954,60.076,5845,2492,1164,453,58.7201,25.0352,11.6938,33.6849
24016,24,San Luis Potosí,Ebano,31223,19823,63.4885,13416,4270,1472,665,67.679,21.5406,7.4257,46.1384
24017,24,San Luis Potosí,Guadalcazar,19387,12054,62.1757,8502,2553,430,569,70.5326,21.1797,3.5673,49.3529
24018,24,San Luis Potosí,Huehuetlan,11839,9083,76.721,5896,1872,851,464,64.9125,20.6099,9.3692,44.3026
24019,24,San Luis Potosí,Lagunillas,4857,3258,67.0784,2170,208,642,238,66.6053,6.3843,19.7053,46.9
24020,24,San Luis Potosí,Matehuala,77898,43001,55.2017,26080,9916,5610,1395,60.6498,23.0599,13.0462,37.5899
24021,24,San Luis Potosí,Mexquitic de Carmona,46788,29118,62.2339,18737,4237,4965,1179,64.3485,14.5511,17.0513,47.2972
24022,24,San Luis Potosí,Moctezuma,15208,9881,64.9724,7049,1119,1111,602,71.3389,11.3248,11.2438,60.0141
24023,24,San Luis Potosí,Rayon,13217,8010,60.6038,5410,1182,922,496,67.5406,14.7566,11.5106,52.784
24024,24,San Luis Potosí,Rioverde,83037,45488,54.7804,29327,8403,6017,1741,64.4719,18.473,13.2277,45.9989
24025,24,San Luis Potosí,Salinas,23671,12513,52.8622,7470,2926,1397,720,59.6979,23.3837,11.1644,36.3142
24026,24,San Luis Potosí,San Antonio,7353,5975,81.2593,4168,639,936,232,69.7573,10.6946,15.6653,54.092
24027,24,San Luis Potosí,San Ciro de Acosta,9275,5286,56.9919,3682,679,696,229,69.6557,12.8453,13.1669,56.4888
24028,24,San Luis Potosí,San Luis Potosi,689204,426840,61.9323,208284,162603,46923,9030,48.7967,38.0946,10.9931,10.7021
24029,24,San Luis Potosí,San Martin Chalchicuautla,15603,11687,74.9023,8783,1984,488,432,75.1519,16.9761,4.1756,58.1758
24030,24,San Luis Potosí,San Nicolas Tolentino,4824,3052,63.267,2087,630,220,115,68.3814,20.6422,7.2084,47.7392
24031,24,San Luis Potosí,Santa Catarina,9599,5674,59.1103,3894,486,478,816,68.6288,8.5654,8.4244,60.0634
24032,24,San Luis Potosí,Santa Maria del Rio,33260,20600,61.9363,11895,5298,2730,677,57.7427,25.7184,13.2524,32.0243
24033,24,San Luis Potosí,Santo Domingo,9920,6401,64.5262,4561,1360,296,184,71.2545,21.2467,4.6243,50.0078
24034,24,San Luis Potosí,San Vicente Tancuayalab,12185,9907,81.3049,6759,2120,563,465,68.2245,21.399,5.6829,46.8255
24035,24,San Luis Potosí,Soledad de Graciano Sanchez,247187,142020,57.4545,89354,31299,18241,3126,62.9165,22.0384,12.844,40.8781
24036,24,San Luis Potosí,Tamasopo,22830,14713,64.4459,9203,3348,1425,737,62.5501,22.7554,9.6853,39.7947
24037,24,San Luis Potosí,Tamazunchale,74110,43316,58.4483,32748,5846,2831,1891,75.6025,13.4962,6.5357,62.1063
24038,24,San Luis Potosí,Tampacan,12327,9503,77.0909,7791,855,450,407,81.9846,8.9972,4.7353,72.9874
24039,24,San Luis Potosí,Tampamolon Corona,10663,8003,75.0539,6390,771,564,278,79.8451,9.6339,7.0474,70.2112
24040,24,San Luis Potosí,Tamuin,27290,16850,61.7442,11137,3549,1523,641,66.095,21.0623,9.0386,45.0327
24041,24,San Luis Potosí,Tanlajas,14120,10546,74.6884,7076,2143,936,391,67.0965,20.3205,8.8754,46.776
24042,24,San Luis Potosí,Tanquian de Escobedo,10434,7886,75.5798,5432,1660,546,248,68.8816,21.05,6.9237,47.8316
24043,24,San Luis Potosí,Tierra Nueva,7983,4863,60.9169,2150,1949,505,259,44.2114,40.0781,10.3845,4.1333
24044,24,San Luis Potosí,Vanegas,5644,4003,70.9249,3014,289,434,266,75.2935,7.2196,10.8419,64.4516
24045,24,San Luis Potosí,Venado,11463,7970,69.528,4183,2044,1229,514,52.4843,25.6462,15.4203,26.8381
24046,24,San Luis Potosí,Villa de Arriaga,14343,10747,74.9285,8072,1394,985,296,75.1093,12.9711,9.1653,62.1382
24047,24,San Luis Potosí,Villa de Guadalupe,7907,5113,64.6642,2945,1109,563,496,57.5983,21.6898,11.0111,35.9085
24048,24,San Luis Potosí,Villa de la Paz,4152,2827,68.0877,1779,404,561,83,62.9289,14.2908,19.8444,43.0845
24049,24,San Luis Potosí,Villa de Ramos,28563,16659,58.3237,10270,2430,3310,649,61.6484,14.5867,19.8691,41.7793
24050,24,San Luis Potosí,Villa de Reyes,41997,28294,67.3715,19990,4971,2388,945,70.651,17.5691,8.44,53.0819
24051,24,San Luis Potosí,Villa Hidalgo,12789,8364,65.4,5557,1816,625,366,66.4395,21.7121,7.4725,44.7274
24052,24,San Luis Potosí,Villa Juarez,9535,5588,58.6051,2988,1874,390,336,53.4717,33.5361,6.9792,19.9356
24053,24,San Luis Potosí,Axtla de Terrazas,25428,17540,68.9791,11828,3657,1222,833,67.4344,20.8495,6.9669,46.5849
24054,24,San Luis Potosí,Xilitla,37930,25598,67.4875,18301,3905,1731,1661,71.4939,15.2551,6.7622,56.2388
24055,24,San Luis Potosí,Zaragoza,20721,13421,64.77,8165,2148,2627,481,60.8375,16.0048,19.5738,41.2637
24056,24,San Luis Potosí,Villa de Arista,12424,8326,67.0155,4652,2139,1123,412,55.8732,25.6906,13.4879,30.1826
24057,24,San Luis Potosí,Matlapa,23378,17084,73.0773,11318,4579,661,526,66.2491,26.8029,3.8691,39.4462
24058,24,San Luis Potosí,Naranjo--El,15822,10556,66.7172,7368,1685,1144,359,69.7992,15.9625,10.8374,53.8367
25001,25,Sinaloa,Ahome,352918,201836,57.1906,128182,54749,15222,3683,63.508,27.1255,7.5418,36.3825
25002,25,Sinaloa,Angostura,37425,25144,67.185,14081,8169,2282,612,56.0014,32.4889,9.0757,23.5125
25003,25,Sinaloa,Badiraguato,23078,12929,56.0231,8821,1701,1825,582,68.2265,13.1565,14.1156,54.1109
25004,25,Sinaloa,Concordia,19849,11476,57.8165,8463,2093,583,337,73.7452,18.2381,5.0802,55.5071
25005,25,Sinaloa,Cosala,13357,8489,63.5547,5851,1978,399,261,68.9245,23.3007,4.7002,45.6238
25006,25,Sinaloa,Culiacan,740427,410809,55.4827,255218,112322,35752,7517,62.1257,27.3417,8.7028,34.784
25007,25,Sinaloa,Choix,24087,14682,60.954,9140,4378,680,484,62.2531,29.8188,4.6315,32.4343
25008,25,Sinaloa,Elota,35029,20172,57.5866,12234,4017,3142,779,60.6484,19.9137,15.576,40.7347
25009,25,Sinaloa,Escuinapa,43402,24641,56.7739,18961,3738,1480,462,76.949,15.1698,6.0062,61.7792
25010,25,Sinaloa,Fuerte--El,74275,43964,59.1908,34955,5579,2437,993,79.5082,12.6899,5.5432,66.8183
25011,25,Sinaloa,Guasave,199958,111863,55.9432,77719,23201,8532,2411,69.4769,20.7405,7.6272,48.7364
25012,25,Sinaloa,Mazatlan,400438,217873,54.4087,141519,55861,16206,4287,64.9548,25.6392,7.4383,39.3156
25013,25,Sinaloa,Mocorito,36315,20666,56.9076,14654,4088,1330,594,70.9087,19.7813,6.4357,51.1274
25014,25,Sinaloa,Rosario,39655,23578,59.4578,17453,4243,1307,575,74.0224,17.9956,5.5433,56.0268
25015,25,Sinaloa,Salvador Alvarado,66930,40579,60.629,24399,11773,3610,797,60.1272,29.0125,8.8962,31.1147
25016,25,Sinaloa,San Ignacio,16332,9286,56.8577,7016,1602,359,309,75.5546,17.2518,3.866,58.3028
25017,25,Sinaloa,Sinaloa,64987,34309,52.7936,25589,5796,1734,1190,74.5839,16.8935,5.0541,57.6904
25018,25,Sinaloa,Navolato,112620,60663,53.8652,41520,13786,3980,1377,68.4437,22.7255,6.5608,45.7182
25019,25,Sinaloa,Eldorado,29770,17041,57.2422,12696,2885,1058,402,74.5027,16.9298,6.2086,57.5729
25020,25,Sinaloa,Juan Jose Rios,30496,17264,56.6107,12387,3330,1220,327,71.7505,19.2887,7.0667,52.4618
26001,26,Sonora,Aconchi,2635,2004,76.0531,1095,469,378,62,54.6407,23.4032,18.8623,31.2375
26002,26,Sonora,Agua Prieta,71928,33314,46.3158,23020,6820,2698,776,69.1001,20.4719,8.0987,48.6282
26003,26,Sonora,Alamos,19637,12005,61.1346,7695,3008,953,349,64.0983,25.0562,7.9384,39.0421
26004,26,Sonora,Altar,7121,4420,62.0699,2975,1013,347,85,67.3077,22.9186,7.8507,44.3891
26005,26,Sonora,Arivechi,1131,850,75.1547,628,113,82,27,73.8824,13.2941,9.6471,60.5883
26006,26,Sonora,Arizpe,2970,2114,71.1785,886,867,289,72,41.9111,41.0123,13.6708,0.8988
26007,26,Sonora,Atil,747,597,79.9197,294,206,60,37,49.2462,34.5059,10.0503,14.7403
26008,26,Sonora,Bacadehuachi,1249,1071,85.7486,644,355,53,19,60.1307,33.1466,4.9486,26.9841
26009,26,Sonora,Bacanora,1121,889,79.3042,596,240,36,17,67.0416,26.9966,4.0495,40.045
26010,26,Sonora,Bacerac,1175,937,79.7447,564,336,16,21,60.1921,35.8591,1.7076,24.333
26011,26,Sonora,Bacoachi,1554,1015,65.3153,606,250,123,36,59.7044,24.6305,12.1182,35.0739
26012,26,Sonora,Bacum,17735,9974,56.2391,7313,1572,841,248,73.3206,15.761,8.4319,57.5596
26013,26,Sonora,Banamichi,1693,1372,81.0396,668,579,89,36,48.688,42.2012,6.4869,6.4868
26014,26,Sonora,Baviacora,3572,2645,74.0482,1259,953,355,78,47.5992,36.0302,13.4216,11.569
26015,26,Sonora,Bavispe,1322,1086,82.1483,658,388,17,23,60.5893,35.7274,1.5654,24.8619
26016,26,Sonora,Benjamin Hill,3761,2322,61.7389,1428,636,192,66,61.4987,27.3902,8.2687,34.1085
26017,26,Sonora,Caborca,67682,31428,46.4348,18949,8988,2720,771,60.2934,28.5987,8.6547,31.6947
26018,26,Sonora,Cajeme,331247,173062,52.2456,119206,37141,13636,3079,68.8805,21.4611,7.8793,47.4194
26019,26,Sonora,Cananea,31009,14102,45.4771,8403,3477,1860,362,59.5873,24.6561,13.1896,34.9312
26020,26,Sonora,Carbo,3911,2362,60.3938,1578,599,131,54,66.8078,25.3599,5.5461,41.4479
26021,26,Sonora,Colorada--La,2704,2287,84.5784,1069,678,466,74,46.7425,29.6458,20.376,17.0967
26022,26,Sonora,Cucurpe,1009,814,80.6739,449,316,18,31,55.1597,38.8206,2.2113,16.3391
26023,26,Sonora,Cumpas,5686,3932,69.1523,2086,1195,553,98,53.0519,30.3917,14.0641,22.6602
26024,26,Sonora,Divisaderos,1332,1090,81.8318,694,59,317,20,63.6697,5.4128,29.0826,34.5871
26025,26,Sonora,Empalme,41658,19456,46.7041,14885,2639,1491,441,76.506,13.5639,7.6634,62.9421
26026,26,Sonora,Etchojoa,46366,25957,55.9828,19937,3179,2228,613,76.8078,12.2472,8.5834,64.5606
26027,26,Sonora,Fronteras,6884,4372,63.5096,2792,637,847,96,63.8609,14.57,19.3733,44.4876
26028,26,Sonora,Granados,1132,912,80.5654,355,330,207,20,38.9254,36.1842,22.6974,2.7412
26029,26,Sonora,Guaymas,123240,62087,50.3789,44126,12159,4725,1077,71.0712,19.5838,7.6103,51.4874
26030,26,Sonora,Hermosillo,682230,352755,51.7062,202145,112225,31936,6449,57.3046,31.8139,9.0533,25.4907
26031,26,Sonora,Huachinera,1150,971,84.4348,638,253,53,27,65.7055,26.0556,5.4583,39.6499
26032,26,Sonora,Huasabas,1214,761,62.6853,470,212,51,28,61.7608,27.8581,6.7017,33.9027
26033,26,Sonora,Huatabampo,60385,35257,58.387,24388,8137,1934,798,69.1721,23.0791,5.4854,46.093
26034,26,Sonora,Huepac,1340,1072,80,594,411,43,24,55.4104,38.3396,4.0112,17.0708
26035,26,Sonora,Imuris,10476,5505,52.5487,3457,1145,736,167,62.7975,20.7993,13.3697,41.9982
26036,26,Sonora,Magdalena de Kino,26226,13877,52.9131,7300,4649,1513,415,52.605,33.5015,10.9029,19.1035
26037,26,Sonora,Mazatan,1517,1310,86.3546,767,253,254,36,58.5496,19.313,19.3893,39.1603
26038,26,Sonora,Moctezuma,4671,3318,71.034,1629,1407,185,97,49.0958,42.4051,5.5756,6.6907
26039,26,Sonora,Naco,4928,3683,74.7362,1809,1138,637,99,49.1176,30.8987,17.2957,18.2189
26040,26,Sonora,Nacori Chico,1483,1140,76.8712,746,196,175,23,65.4386,17.193,15.3509,48.2456
26041,26,Sonora,Nacozari de Garcia,10432,6764,64.839,4189,1600,792,183,61.9308,23.6546,11.709,38.2762
26042,26,Sonora,Navojoa,128294,68529,53.4156,51593,10749,4890,1297,75.2864,15.6853,7.1357,59.6011
26043,26,Sonora,Nogales,216408,89161,41.2004,59670,16738,10883,1870,66.9239,18.7728,12.206,48.1511
26044,26,Sonora,Onavas,869,731,84.1197,431,103,174,23,58.9603,14.0903,23.803,35.1573
26045,26,Sonora,Opodepe,2175,1536,70.6207,944,435,100,57,61.4583,28.3203,6.5104,33.138
26046,26,Sonora,Oquitoa,446,353,79.148,159,124,53,17,45.0425,35.1275,15.0142,9.915
26047,26,Sonora,Pitiquito,6420,4113,64.0654,2487,1028,502,96,60.4668,24.9939,12.2052,35.4729
26048,26,Sonora,Puerto Peñasco,54996,27639,50.2564,17464,6393,3198,584,63.1861,23.1304,11.5706,40.0557
26049,26,Sonora,Quiriego,3511,2726,77.6417,1987,228,396,115,72.8907,8.3639,14.5268,58.3639
26050,26,Sonora,Rayon,1937,1467,75.7357,699,529,88,151,47.6483,36.06,5.9986,11.5883
26051,26,Sonora,Rosario de Tesopaco,4789,3219,67.2165,2245,788,92,94,69.7422,24.4797,2.858,45.2625
26052,26,Sonora,Sahuaripa,4638,2751,59.3144,1556,983,118,94,56.5613,35.7325,4.2893,20.8288
26053,26,Sonora,San Felipe de Jesus,582,480,82.4742,182,173,101,24,37.9167,36.0417,21.0417,1.875
26054,26,Sonora,San Javier,650,540,83.0769,256,193,83,8,47.4074,35.7407,15.3704,11.6667
26055,26,Sonora,San Luis Rio Colorado,169277,68614,40.5336,42008,16943,7886,1777,61.2237,24.6932,11.4933,36.5305
26056,26,Sonora,San Miguel de Horcasitas,7027,3494,49.7225,2294,755,264,181,65.6554,21.6085,7.5558,44.0469
26057,26,Sonora,San Pedro de la Cueva,1956,1580,80.7771,914,511,91,64,57.8481,32.3418,5.7595,25.5063
26058,26,Sonora,Santa Ana,12874,7524,58.4434,3840,2817,600,267,51.0367,37.4402,7.9745,13.5965
26059,26,Sonora,Santa Cruz,1474,808,54.8168,468,166,142,32,57.9208,20.5446,17.5743,37.3762
26060,26,Sonora,Saric,1807,971,53.7355,480,437,32,22,49.4336,45.0051,3.2956,4.4285
26061,26,Sonora,Soyopa,1872,1528,81.6239,978,240,267,43,64.0052,15.7068,17.4738,46.5314
26062,26,Sonora,Suaqui Grande,1551,1289,83.1077,626,535,103,25,48.5648,41.505,7.9907,7.0598
26063,26,Sonora,Tepache,1468,1043,71.049,519,460,40,24,49.7603,44.1035,3.8351,5.6568
26064,26,Sonora,Trincheras,1426,1028,72.0898,666,281,47,34,64.786,27.3346,4.572,37.4514
26065,26,Sonora,Tubutama,1381,924,66.908,473,332,89,30,51.1905,35.9307,9.632,15.2598
26066,26,Sonora,Ures,10132,5874,57.9747,3937,1520,241,176,67.0242,25.8767,4.1028,41.1475
26067,26,Sonora,Villa Hidalgo,1704,1296,76.0563,659,136,480,21,50.8488,10.4938,37.037,13.8118
26068,26,Sonora,Villa Pesqueira,2005,1726,86.0848,1071,243,395,17,62.051,14.0788,22.8853,39.1657
26069,26,Sonora,Yecora,4302,2932,68.1543,1777,961,105,89,60.6071,32.7763,3.5812,27.8308
26070,26,Sonora,General Plutarco Elias Calles,10737,6464,60.203,3958,1444,856,206,61.2314,22.3391,13.2426,38.8923
26071,26,Sonora,Benito Juarez,16547,9717,58.7236,7343,1556,631,187,75.5686,16.0132,6.4938,59.5554
26072,26,Sonora,San Ignacio Rio Muerto,10676,6415,60.088,4436,1135,699,145,69.1504,17.6929,10.8963,51.4575
27001,27,Tabasco,Balancan,43671,28621,65.5378,24497,1873,1246,1005,85.591,6.5441,4.3534,79.0469
27002,27,Tabasco,Cardenas,182164,102796,56.4305,85040,10748,4366,2642,82.727,10.4557,4.2472,72.2713
27003,27,Tabasco,Centla,79935,50502,63.1788,43314,3532,2411,1245,85.7669,6.9938,4.7741,78.7731
27004,27,Tabasco,Centro,529541,313776,59.2543,251100,37460,19183,6033,80.0252,11.9385,6.1136,68.0867
27005,27,Tabasco,Comalcalco,163765,110968,67.7605,81158,22694,4460,2656,73.1364,20.4509,4.0192,52.6855
27006,27,Tabasco,Cunduacan,99869,62418,62.4999,51968,4628,3671,2151,83.258,7.4145,5.8813,75.8435
27007,27,Tabasco,Emiliano Zapata,24620,18118,73.5906,12594,1047,4148,329,69.511,5.7788,22.8944,46.6166
27008,27,Tabasco,Huimanguillo,137159,80617,58.7763,63947,8315,5995,2360,79.322,10.3142,7.4364,69.0078
27009,27,Tabasco,Jalapa,29026,20145,69.4033,17453,1297,937,458,86.6369,6.4383,4.6513,80.1986
27010,27,Tabasco,Jalpa de Mendez,69371,47478,68.4407,36901,7474,1855,1248,77.7223,15.742,3.9071,61.9803
27011,27,Tabasco,Jonuta,24515,19786,80.7098,14180,4832,431,343,71.6668,24.4213,2.1783,47.2455
27012,27,Tabasco,Macuspana,121707,62348,51.2279,52890,5180,2661,1617,84.8303,8.3082,4.268,76.5221
27013,27,Tabasco,Nacajuca,107528,65821,61.2129,55732,5656,3131,1302,84.6721,8.593,4.7568,76.0791
27014,27,Tabasco,Paraiso,74852,53070,70.8999,42816,3851,5108,1295,80.6783,7.2565,9.625,71.0533
27015,27,Tabasco,Tacotalpa,35488,23162,65.2671,17403,1599,3278,882,75.136,6.9035,14.1525,60.9835
27016,27,Tabasco,Teapa,42416,24296,57.2803,20018,1657,1881,740,82.3922,6.8201,7.742,74.6502
27017,27,Tabasco,Tenosique,46648,29137,62.4614,25524,1900,1225,488,87.6,6.5209,4.2043,81.0791
28001,28,Tamaulipas,Abasolo,8270,5592,67.6179,3374,1730,315,173,60.3362,30.9371,5.633,29.3991
28002,28,Tamaulipas,Aldama,23272,15672,67.3427,9433,5009,844,386,60.1901,31.9615,5.3854,28.2286
28003,28,Tamaulipas,Altamira,188399,100033,53.0964,70660,17757,9660,1956,70.6367,17.7511,9.6568,52.8856
28004,28,Tamaulipas,Antiguo Morelos,7388,5433,73.5382,2843,2220,279,91,52.3284,40.8614,5.1353,11.467
28005,28,Tamaulipas,Burgos,5133,3702,72.1216,1737,1689,184,92,46.9206,45.624,4.9703,1.2966
28006,28,Tamaulipas,Bustamante,5952,4525,76.0249,1799,2576,85,65,39.7569,56.9282,1.8785,-17.1713
28007,28,Tamaulipas,Camargo,13447,7636,56.7859,4491,2246,670,229,58.8135,29.4133,8.7742,29.4002
28008,28,Tamaulipas,Casas,4552,3488,76.6257,2171,875,266,176,62.242,25.086,7.6261,37.156
28009,28,Tamaulipas,Ciudad Madero,173629,105855,60.9662,64922,29464,10108,1361,61.3311,27.8343,9.5489,33.4968
28010,28,Tamaulipas,Cruillas,2237,1518,67.8587,423,982,52,61,27.8656,64.6904,3.4256,-36.8248
28011,28,Tamaulipas,Gomez Farias,7282,5216,71.6287,2867,1901,319,129,54.9655,36.4456,6.1158,18.5199
28012,28,Tamaulipas,Gonzalez,32840,18733,57.0432,12072,4632,1531,498,64.4424,24.7264,8.1727,39.716
28013,28,Tamaulipas,Güemez,13502,9804,72.6115,5152,3546,822,284,52.55,36.1689,8.3843,16.3811
28014,28,Tamaulipas,Guerrero,2614,1787,68.3627,1028,362,324,73,57.5266,20.2574,18.1309,37.2692
28015,28,Tamaulipas,Gustavo Diaz Ordaz,14153,8692,61.4145,5555,2254,668,215,63.9093,25.9319,7.6852,37.9774
28016,28,Tamaulipas,Hidalgo,14107,9994,70.8443,8938,585,299,172,89.4337,5.8535,2.9918,83.5802
28017,28,Tamaulipas,Jaumave,12511,8812,70.434,5767,1908,694,443,65.4448,21.6523,7.8756,43.7925
28018,28,Tamaulipas,Jimenez,6083,3939,64.7542,2544,750,548,97,64.5849,19.0404,13.9122,45.5445
28019,28,Tamaulipas,Llera,12841,9384,73.0784,5528,2859,705,292,58.9088,30.4668,7.5128,28.442
28020,28,Tamaulipas,Mainero,1846,1483,80.3359,1341,70,41,31,90.4248,4.7202,2.7647,85.7046
28021,28,Tamaulipas,Mante--El,87057,55891,64.2005,34058,16683,4192,958,60.9365,29.8492,7.5003,31.0873
28022,28,Tamaulipas,Matamoros,441021,221487,50.2214,150922,39725,26288,4552,68.1403,17.9356,11.8689,50.2047
28023,28,Tamaulipas,Mendez,3964,2861,72.1746,1077,1603,102,79,37.6442,56.0294,3.5652,-18.3852
28024,28,Tamaulipas,Mier,3967,2290,57.7262,1235,758,222,75,53.9301,33.1004,9.6943,20.8297
28025,28,Tamaulipas,Miguel Aleman,21038,12518,59.5019,5732,5256,1224,306,45.7901,41.9875,9.7779,3.8026
28026,28,Tamaulipas,Miquihuana,3093,2566,82.9615,1274,1179,74,39,49.6493,45.947,2.8839,3.7023
28027,28,Tamaulipas,Nuevo Laredo,340611,194547,57.1171,101672,76104,13110,3661,52.2609,39.1186,6.7387,13.1423
28028,28,Tamaulipas,Nuevo Morelos,3415,2576,75.4319,1386,1038,112,40,53.8043,40.295,4.3478,13.5093
28029,28,Tamaulipas,Ocampo,10809,7582,70.1452,4132,2734,547,169,54.4975,36.0591,7.2145,18.4384
28030,28,Tamaulipas,Padilla,11609,8313,71.6082,4564,1847,1645,257,54.902,22.2182,19.7883,32.6838
28031,28,Tamaulipas,Palmillas,1901,1361,71.5939,1125,146,71,19,82.6598,10.7274,5.2168,71.9324
28032,28,Tamaulipas,Reynosa,581544,289778,49.8291,200842,51174,31740,6022,69.3089,17.6597,10.9532,51.6492
28033,28,Tamaulipas,Rio Bravo,110627,58764,53.119,36716,14513,6122,1413,62.4804,24.6971,10.4179,37.7833
28034,28,Tamaulipas,San Carlos,6653,4464,67.0975,3401,787,168,108,76.1873,17.6299,3.7634,58.5574
28035,28,Tamaulipas,San Fernando,39128,24438,62.4566,12583,9742,1514,599,51.4895,39.8641,6.1953,11.6254
28036,28,Tamaulipas,San Nicolas,934,693,74.197,41,633,4,15,5.9163,91.342,0.5772,-85.4257
28037,28,Tamaulipas,Soto la Marina,19992,13618,68.1172,10087,2147,830,554,74.0711,15.7659,6.0949,58.3052
28038,28,Tamaulipas,Tampico,254337,160189,62.983,92997,50920,13951,2321,58.0545,31.7875,8.7091,26.267
28039,28,Tamaulipas,Tula,23262,14589,62.716,9651,3437,832,669,66.1526,23.5588,5.7029,42.5938
28040,28,Tamaulipas,Valle Hermoso,49589,28693,57.8616,15505,9830,2669,689,54.0376,34.2592,9.3019,19.7784
28041,28,Tamaulipas,Victoria,262124,167325,63.8343,99959,46453,17813,3100,59.7394,27.7621,10.6457,31.9773
28042,28,Tamaulipas,Villagran,4443,3671,82.6244,3376,175,63,57,91.964,4.7671,1.7162,87.1969
28043,28,Tamaulipas,Xicotencatl,18460,13269,71.8797,6984,5285,722,278,52.634,39.8297,5.4413,12.8043
29001,29,Tlaxcala,Amaxac de Guerrero,9085,6848,75.377,4469,1110,1127,142,65.2599,16.2091,16.4574,48.8025
29002,29,Tlaxcala,Apetatitlan de Antonio Carvajal,13130,11038,84.067,6716,2524,1609,189,60.8444,22.8665,14.5769,37.9779
29003,29,Tlaxcala,Atlangatepec,5417,4087,75.4477,2572,700,721,94,62.9312,17.1275,17.6413,45.2899
29004,29,Tlaxcala,Altzayanca,13881,10938,78.7984,7675,1661,1251,351,70.1682,15.1856,11.4372,54.9826
29005,29,Tlaxcala,Apizaco,69546,49117,70.6252,29563,11293,7275,986,60.1889,22.992,14.8116,37.1969
29006,29,Tlaxcala,Calpulalpan,38439,24747,64.3799,17617,3416,3240,474,71.1884,13.8037,13.0925,57.3847
29007,29,Tlaxcala,Carmen Tequexquitla--El,12753,8170,64.0634,5812,1192,821,345,71.1383,14.59,10.049,56.5483
29008,29,Tlaxcala,Cuapiaxtla,11967,9178,76.6942,6416,1302,1199,261,69.9063,14.1861,13.0638,55.7202
29009,29,Tlaxcala,Cuaxomulco,4965,3810,76.7372,2398,698,626,88,62.9396,18.3202,16.4304,44.6194
29010,29,Tlaxcala,Chiautempan,56715,41606,73.3598,26531,7478,6681,916,63.7672,17.9734,16.0578,45.7938
29011,29,Tlaxcala,Muñoz de Domingo Arenas,4010,2797,69.7506,2139,275,318,65,76.4748,9.832,11.3693,65.1055
29012,29,Tlaxcala,Españita,7599,5367,70.6277,3899,803,520,145,72.6477,14.9618,9.6888,57.6859
29013,29,Tlaxcala,Huamantla,73562,50213,68.2594,33823,7621,7497,1272,67.3591,15.1773,14.9304,52.1818
29014,29,Tlaxcala,Hueyotlipan,12263,8603,70.1541,5740,1133,1462,268,66.7209,13.1698,16.9941,49.7268
29015,29,Tlaxcala,Ixtacuixtla de Mariano Matamoros,31614,20735,65.588,15472,2068,2727,468,74.6178,9.9735,13.1517,61.4661
29016,29,Tlaxcala,Ixtenco,6010,4616,76.8053,3440,571,517,88,74.5234,12.37,11.2002,62.1534
29017,29,Tlaxcala,Mazatecochco de Jose Maria Morelos,8499,6676,78.5504,5005,821,746,104,74.97,12.2978,11.1744,62.6722
29018,29,Tlaxcala,Contla de Juan Cuamatzi,29544,21574,73.0233,16005,2220,2977,372,74.1865,10.2902,13.799,60.3875
29019,29,Tlaxcala,Tepetitla de Lardizabal,16916,12211,72.1861,9196,1077,1743,195,75.3091,8.8199,14.274,61.0351
29020,29,Tlaxcala,Sanctorum de Lazaro Cardenas,6862,4763,69.4113,3186,717,742,118,66.8906,15.0535,15.5784,51.3122
29021,29,Tlaxcala,Nanacamilpa de Mariano Arista,14640,9498,64.877,6109,1725,1427,237,64.3188,18.1617,15.0242,46.1571
29022,29,Tlaxcala,Acuamanala de Miguel Hidalgo,5347,4531,84.7391,3432,460,543,96,75.7449,10.1523,11.9841,63.7608
29023,29,Tlaxcala,Nativitas,20567,14679,71.3716,11219,1360,1785,315,76.4289,9.2649,12.1602,64.2687
29024,29,Tlaxcala,Panotla,22074,15446,69.9737,10857,2008,2235,346,70.29,13.0001,14.4698,55.8202
29025,29,Tlaxcala,San Pablo del Monte,63273,44070,69.6506,32181,5648,5264,977,73.0225,12.816,11.9446,60.2065
29026,29,Tlaxcala,Santa Cruz Tlaxcala,17595,12286,69.8267,8445,1874,1744,223,68.7368,15.2531,14.195,53.4837
29027,29,Tlaxcala,Tenancingo,9780,6220,63.5992,4695,944,412,169,75.4823,15.1768,6.6238,60.3055
29028,29,Tlaxcala,Teolocholco,19434,14778,76.042,10785,1610,2150,233,72.9801,10.8946,14.5487,58.4314
29029,29,Tlaxcala,Tepeyanco,10018,7683,76.692,5773,828,982,100,75.1399,10.777,12.7815,62.3584
29030,29,Tlaxcala,Terrenate,11674,8784,75.2441,6548,774,1240,222,74.5446,8.8115,14.1166,60.428
29031,29,Tlaxcala,Tetla de la Solidaridad,25439,17254,67.825,12195,1967,2712,380,70.6793,11.4003,15.7181,54.9612
29032,29,Tlaxcala,Tetlatlahuca,10361,7708,74.3944,6390,537,694,87,82.9009,6.9668,9.0036,73.8973
29033,29,Tlaxcala,Tlaxcala,81437,56817,69.768,32885,13527,9366,1039,57.8788,23.808,16.4845,34.0708
29034,29,Tlaxcala,Tlaxco,34710,22705,65.4134,15622,3506,2988,589,68.8042,15.4415,13.1601,53.3627
29035,29,Tlaxcala,Tocatlan,4897,3576,73.0243,2668,334,488,86,74.6085,9.34,13.6465,60.962
29036,29,Tlaxcala,Totolac,18457,13121,71.0896,8861,1880,2105,275,67.533,14.3282,16.043,51.49
29037,29,Tlaxcala,Zitlaltepec de Trinidad Sanchez Santos,7136,5127,71.847,3699,603,663,162,72.1475,11.7613,12.9315,59.216
29038,29,Tlaxcala,Tzompantepec,13038,9053,69.4355,6037,1416,1341,259,66.6851,15.6412,14.8128,51.0439
29039,29,Tlaxcala,Xaloztoc,18969,13344,70.3464,9629,1560,1903,252,72.1598,11.6906,14.2611,57.8987
29040,29,Tlaxcala,Xaltocan,9072,6486,71.4947,4707,818,779,182,72.5717,12.6118,12.0105,59.9599
29041,29,Tlaxcala,Papalotla de Xicohtencatl,24791,17693,71.3686,13097,2308,1990,298,74.0236,13.0447,11.2474,60.9789
29042,29,Tlaxcala,Xicohtzinco,11964,8595,71.8405,6208,1085,1149,153,72.228,12.6236,13.3682,58.8598
29043,29,Tlaxcala,Yauhquemecan,28215,17821,63.1614,11103,3229,3144,345,62.3029,18.1191,17.6421,44.1838
29044,29,Tlaxcala,Zacatelco,37005,27996,75.6546,21164,3104,3283,445,75.5965,11.0873,11.7267,63.8698
29045,29,Tlaxcala,Benito Juarez,5429,3681,67.8025,2792,353,471,65,75.849,9.5898,12.7954,63.0536
29046,29,Tlaxcala,Emiliano Zapata,3624,3027,83.5265,2137,422,388,80,70.598,13.9412,12.818,56.6568
29047,29,Tlaxcala,Lazaro Cardenas,2589,2070,79.9537,1595,197,227,51,77.0531,9.5169,10.9662,66.0869
29048,29,Tlaxcala,Magdalena Tlaltelulco--La,15171,11820,77.9118,7978,1512,2085,245,67.4958,12.7919,17.6396,49.8562
29049,29,Tlaxcala,San Damian Texoloc,4901,3641,74.291,2587,481,504,69,71.0519,13.2107,13.8424,57.2095
29050,29,Tlaxcala,San Francisco Tetlanohcan,9009,6637,73.6708,4688,701,1090,158,70.6343,10.562,16.4231,54.2112
29051,29,Tlaxcala,San Jeronimo Zacualpan,3276,2757,84.1575,2124,213,379,41,77.0403,7.7258,13.7468,63.2935
29052,29,Tlaxcala,San Jose Teacalco,4769,3555,74.5439,2586,524,383,62,72.7426,14.7398,10.7736,58.0028
29053,29,Tlaxcala,San Juan Huactzinco,5894,4752,80.6244,3643,371,654,84,76.6625,7.8072,13.7626,62.8999
29054,29,Tlaxcala,San Lorenzo Axocomanitla,4269,3560,83.3919,2693,304,508,55,75.6461,8.5393,14.2697,61.3764
29055,29,Tlaxcala,San Lucas Tecopilco,2619,398,15.1966,275,37,68,18,69.0955,9.2965,17.0854,52.0101
29056,29,Tlaxcala,Santa Ana Nopalucan,6337,4692,74.0413,3747,471,353,121,79.8593,10.0384,7.5234,69.8209
29057,29,Tlaxcala,Santa Apolonia Teacalco,3958,3260,82.3648,2614,299,278,69,80.184,9.1718,8.5276,71.012200000000007
29058,29,Tlaxcala,Santa Catarina Ayometla,7699,6300,81.8288,4823,619,722,136,76.5556,9.8254,11.4603,65.0953
29059,29,Tlaxcala,Santa Cruz Quilehtla,5712,4350,76.1555,3661,242,360,87,84.1609,5.5632,8.2759,75.885
29060,29,Tlaxcala,Santa Isabel Xiloxoxtla,3721,3127,84.0365,2109,394,546,78,67.4448,12.5999,17.4608,49.984
30001,30,Veracruz,Acajete,7448,4658,62.5403,2672,1312,537,137,57.3637,28.1666,11.5286,29.1971
30002,30,Veracruz,Acatlan,2598,1734,66.7436,1129,411,163,31,65.1096,23.7024,9.4002,41.4072
30003,30,Veracruz,Acayucan,63282,37379,59.0673,27722,6908,1815,934,74.1646,18.481,4.8557,55.6836
30004,30,Veracruz,Actopan,32636,19366,59.3394,13729,3770,1392,475,70.8923,19.4671,7.1879,51.4252
30005,30,Veracruz,Acula,4193,2708,64.5838,2167,354,122,65,80.0222,13.0724,4.5052,66.9498
30006,30,Veracruz,Acultzingo,15983,9328,58.362,7617,788,643,280,81.6574,8.4477,6.8932,73.2097
30007,30,Veracruz,Camaron de Tejeda,5167,3697,71.5502,2713,727,168,89,73.3838,19.6646,4.5442,53.7192
30008,30,Veracruz,Alpatlahuac,6982,4005,57.3618,2245,1170,398,192,56.0549,29.2135,9.9376,26.8414
30009,30,Veracruz,Alto Lucero de Gutierrez Barrios,22303,13846,62.0813,9490,2383,1565,408,68.5397,17.2107,11.3029,51.329
30010,30,Veracruz,Altotonga,45775,27728,60.5745,18984,4940,2772,1032,68.4651,17.8159,9.9971,50.6492
30011,30,Veracruz,Alvarado,44158,26341,59.6517,15052,8919,1585,785,57.1429,33.8598,6.0172,23.2831
30012,30,Veracruz,Amatitlan,6067,3752,61.8428,2984,488,197,83,79.5309,13.0064,5.2505,66.5245
30013,30,Veracruz,Naranjos Amatlan,19074,12861,67.4269,9007,2563,1028,263,70.0334,19.9285,7.9932,50.1049
30014,30,Veracruz,Amatlan de los Reyes,32419,19558,60.3288,14246,3119,1748,445,72.8398,15.9474,8.9375,56.8924
30015,30,Veracruz,Angel R. Cabada,25615,14617,57.0642,11007,2544,671,395,75.3027,17.4044,4.5905,57.8983
30016,30,Veracruz,Antigua--La,24758,14820,59.8594,10032,2679,1815,294,67.6923,18.0769,12.247,49.6154
30017,30,Veracruz,Apazapan,3526,2447,69.3988,1729,455,204,59,70.6579,18.5942,8.3367,52.0637
30018,30,Veracruz,Aquila,1648,1006,61.0437,672,168,135,31,66.7992,16.6998,13.4195,50.0994
30019,30,Veracruz,Astacinga,5076,2835,55.8511,1628,934,166,107,57.425,32.9453,5.8554,24.4797
30020,30,Veracruz,Atlahuilco,8119,5016,61.781,3059,1233,464,260,60.9848,24.5813,9.2504,36.4035
30021,30,Veracruz,Atoyac,17236,10186,59.0972,7493,1678,810,205,73.5618,16.4736,7.9521,57.0882
30022,30,Veracruz,Atzacan,15897,10628,66.8554,7660,1437,1145,386,72.0738,13.5209,10.7734,58.5529
30023,30,Veracruz,Atzalan,36635,21459,58.5751,13552,5942,1209,756,63.153,27.69,5.634,35.463
30024,30,Veracruz,Tlaltetela,12119,7830,64.6093,4511,2466,613,240,57.6117,31.4943,7.8289,26.1174
30025,30,Veracruz,Ayahualulco,16637,9848,59.1934,5340,3650,407,451,54.2242,37.0634,4.1328,17.1608
30026,30,Veracruz,Banderilla,20703,13816,66.7343,8025,3787,1709,295,58.0848,27.4102,12.3697,30.6746
30027,30,Veracruz,Benito Juarez,11760,7747,65.8759,4499,2480,405,363,58.0741,32.0124,5.2278,26.0617
30028,30,Veracruz,Boca del Rio,123222,83331,67.6267,35724,40177,6138,1292,42.87,48.2137,7.3658,-5.3437
30029,30,Veracruz,Calcahualco,9688,5244,54.1288,3089,1435,482,238,58.9054,27.3646,9.1915,31.5408
30030,30,Veracruz,Camerino Z. Mendoza,23682,15734,66.4386,10570,3223,1459,482,67.1794,20.4843,9.2729,46.6951
30031,30,Veracruz,Carrillo Puerto,13827,8580,62.0525,5798,1833,744,205,67.5758,21.3636,8.6713,46.2122
30032,30,Veracruz,Catemaco,37245,21267,57.1003,15465,3480,1665,657,72.7183,16.3634,7.829,56.3549
30033,30,Veracruz,Cazones de Herrera,18961,11400,60.1234,7693,2383,1014,310,67.4825,20.9035,8.8947,46.579
30034,30,Veracruz,Cerro Azul,17716,10533,59.4547,7649,1772,921,191,72.6194,16.8233,8.7439,55.7961
30035,30,Veracruz,Citlaltepetl,7500,4877,65.0267,2492,1993,251,141,51.097,40.8653,5.1466,10.2317
30036,30,Veracruz,Coacoatzintla,8262,4802,58.1215,3280,1024,381,117,68.3049,21.3244,7.9342,46.9805
30037,30,Veracruz,Coahuitlan,6129,3918,63.9256,3019,673,137,89,77.0546,17.1771,3.4967,59.8775
30038,30,Veracruz,Coatepec,72944,47304,64.8497,29700,11506,4902,1196,62.7854,24.3235,10.3628,38.4619
30039,30,Veracruz,Coatzacoalcos,239296,145067,60.6224,112088,20067,10578,2334,77.2664,13.8329,7.2918,63.4335
30040,30,Veracruz,Coatzintla,40007,22962,57.395,17199,2950,2318,495,74.902,12.8473,10.0949,62.0547
30041,30,Veracruz,Coetzala,1904,1301,68.3298,881,285,95,40,67.7171,21.9062,7.3021,45.8109
30042,30,Veracruz,Colipa,4747,3009,63.3874,2489,333,112,75,82.7185,11.0668,3.7222,71.6517
30043,30,Veracruz,Comapa,15355,9307,60.6122,5906,2571,524,306,63.4576,27.6244,5.6302,35.8332
30044,30,Veracruz,Cordoba,164410,104472,63.5436,67078,25001,10252,2141,64.2067,23.9308,9.8132,40.2759
30045,30,Veracruz,Cosamaloapan de Carpio,41261,25136,60.9195,18781,4157,1580,618,74.7175,16.538,6.2858,58.1795
30046,30,Veracruz,Cosautlan de Carvajal,11837,7103,60.0068,4754,1486,535,328,66.9295,20.9207,7.532,46.0088
30047,30,Veracruz,Coscomatepec de Bravo,40793,20412,50.038,11550,6076,1793,993,56.5844,29.7668,8.784,26.8176
30048,30,Veracruz,Cosoleacaque,89765,55044,61.3201,45087,6043,2970,944,81.9108,10.9785,5.3957,70.9323
30049,30,Veracruz,Cotaxtla,17021,11250,66.0948,7919,2453,612,266,70.3911,21.8044,5.44,48.5867
30050,30,Veracruz,Coxquihui,11624,7258,62.4398,4623,2045,336,254,63.6952,28.1758,4.6294,35.5194
30051,30,Veracruz,Coyutla,17372,11395,65.5941,9448,1084,530,333,82.9136,9.5129,4.6512,73.4007
30052,30,Veracruz,Cuichapa,9057,5871,64.8228,4325,1014,389,143,73.6672,17.2713,6.6258,56.3959
30053,30,Veracruz,Cuitlahuac,21063,12076,57.3328,8607,2212,957,300,71.2736,18.3173,7.9248,52.9563
30054,30,Veracruz,Chacaltianguis,8867,5721,64.5201,4567,734,265,155,79.8287,12.8299,4.6321,66.9988
30055,30,Veracruz,Chalma,9609,5682,59.1321,4468,863,185,166,78.6343,15.1883,3.2559,63.446
30056,30,Veracruz,Chiconamel,4856,2943,60.6054,2038,668,134,103,69.2491,22.6979,4.5532,46.5512
30057,30,Veracruz,Chiconquiaco,9965,6278,63.0005,4517,954,582,225,71.949700000000007,15.1959,9.2705,56.7538
30058,30,Veracruz,Chicontepec de Tejeda,39497,25238,63.8985,19326,3816,1293,803,76.575,15.1201,5.1232,61.4549
30059,30,Veracruz,Chinameca,13617,8180,60.072,6322,1239,417,202,77.2861,15.1467,5.0978,62.1394
30060,30,Veracruz,Chinampa de Gorostiza,10828,6306,58.2379,4658,1192,316,140,73.8662,18.9026,5.0111,54.9636
30061,30,Veracruz,Choapas--Las,56519,29326,51.887,22902,3941,1440,1043,78.0945,13.4386,4.9103,64.6559
30062,30,Veracruz,Chocaman,14920,9302,62.3458,6363,1609,1026,304,68.4046,17.2974,11.0299,51.1072
30063,30,Veracruz,Chontla,9486,6311,66.5296,3453,2297,346,215,54.714,36.3968,5.4825,18.3172
30064,30,Veracruz,Chumatlan,3233,1953,60.4083,1347,469,91,46,68.9708,24.0143,4.6595,44.9565
30065,30,Veracruz,Emiliano Zapata,59792,37800,63.2192,22432,10393,4288,687,59.3439,27.4947,11.3439,31.8492
30066,30,Veracruz,Espinal,20604,12604,61.1726,8784,2803,649,368,69.6922,22.239,5.1492000000000004,47.4532
30067,30,Veracruz,Filomeno Mata,11786,7336,62.2433,3459,2795,880,202,47.151,38.0998,11.9956,9.0512
30068,30,Veracruz,Fortin,51643,33404,64.6825,20949,8190,3596,669,62.714,24.518,10.7652,38.196
30069,30,Veracruz,Gutierrez Zamora,18375,11370,61.8776,7805,2232,1095,238,68.6456,19.6306,9.6306,49.015
30070,30,Veracruz,Hidalgotitlan,12886,7590,58.9011,6229,789,406,166,82.0685,10.3953,5.3491,71.6732
30071,30,Veracruz,Huatusco,44807,27690,61.7984,12646,10823,3289,932,45.6699,39.0863,11.8779,6.5836
30072,30,Veracruz,Huayacocotla,15283,9860,64.5161,6341,2456,589,474,64.3103,24.9087,5.9736,39.4016
30073,30,Veracruz,Hueyapan de Ocampo,30827,16498,53.518,12106,2954,941,497,73.3786,17.9052,5.7037,55.4734
30074,30,Veracruz,Huiloapan de Cuauhtemoc,5538,3344,60.3828,2394,472,415,63,71.5909,14.1148,12.4103,57.4761
30075,30,Veracruz,Ignacio de la Llave,13322,7129,53.513,4422,2000,398,309,62.0283,28.0544,5.5828,33.9739
30076,30,Veracruz,Ilamatlan,9483,5455,57.524,3709,1294,160,292,67.9927,23.7214,2.9331,44.2713
30077,30,Veracruz,Isla,29965,16508,55.0909,12204,2900,891,513,73.9278,17.5672,5.3974,56.3606
30078,30,Veracruz,Ixcatepec,8930,5981,66.9765,3608,1971,236,166,60.3244,32.9544,3.9458,27.37
30079,30,Veracruz,Ixhuacan de los Reyes,8137,4796,58.9406,2277,2031,283,205,47.4771,42.3478,5.9008,5.1293
30080,30,Veracruz,Ixhuatlan del Cafe,17433,9515,54.5804,6035,2182,987,311,63.4262,22.9322,10.3731,40.494
30081,30,Veracruz,Ixhuatlancillo,16972,9418,55.4914,6517,1687,910,304,69.1973,17.9125,9.6623,51.2848
30082,30,Veracruz,Ixhuatlan del Sureste,12052,7080,58.7454,5765,823,350,142,81.4266,11.6243,4.9435,69.8023
30083,30,Veracruz,Ixhuatlan de Madero,36285,22263,61.3559,14297,6134,868,964,64.2187,27.5524,3.8988,36.6663
30084,30,Veracruz,Ixmatlahuacan,4732,2800,59.1716,2121,422,180,77,75.75,15.0714,6.4286,60.6786
30085,30,Veracruz,Ixtaczoquitlan,51111,32442,63.4736,23347,5143,3260,692,71.9654,15.8529,10.0487,56.1125
30086,30,Veracruz,Jalacingo,30566,17266,56.4876,11968,2873,1872,553,69.3154,16.6396,10.8421,52.6758
30087,30,Veracruz,Xalapa,394211,254678,64.6045,134781,84824,29934,5139,52.9221,33.3064,11.7537,19.6157
30088,30,Veracruz,Jalcomulco,4264,2359,55.3236,1782,367,164,46,75.5405,15.5574,6.9521,59.9831
30089,30,Veracruz,Jaltipan de Morelos,28962,19282,66.5769,15544,2269,1180,289,80.614,11.7675,6.1197,68.8465
30090,30,Veracruz,Jamapa,8647,5034,58.2167,3218,1312,360,144,63.9253,26.0628,7.1514,37.8625
30091,30,Veracruz,Jesus Carranza,20166,10429,51.7158,8478,1253,402,296,81.2925,12.0146,3.8546,69.2779
30092,30,Veracruz,Xico,29064,17150,59.0077,11464,3902,1216,568,66.8455,22.7522,7.0904,44.0933
30093,30,Veracruz,Jilotepec,12213,7614,62.3434,5212,1441,789,172,68.4529,18.9257,10.3625,49.5272
30094,30,Veracruz,Juan Rodriguez Clara,26920,14217,52.812,10569,2605,589,454,74.3406,18.3231,4.1429,56.0175
30095,30,Veracruz,Juchique de Ferrer,11859,7129,60.1147,5639,854,425,211,79.0995,11.9792,5.9616,67.1203
30096,30,Veracruz,Landero y Coss,1436,1014,70.6128,645,324,38,7,63.6095,31.9527,3.7475,31.6568
30097,30,Veracruz,Lerdo de Tejada,15162,8731,57.5848,6451,1560,499,221,73.8862,17.8674,5.7153,56.0188
30098,30,Veracruz,Magdalena,2408,1588,65.9468,952,468,131,37,59.9496,29.471,8.2494,30.4786
30099,30,Veracruz,Maltrata,12655,7041,55.6381,5055,861,849,276,71.7938,12.2284,12.0579,59.5654
30100,30,Veracruz,Manlio Fabio Altamirano,17995,10805,60.0445,7941,1884,734,246,73.4938,17.4364,6.7932,56.0574
30101,30,Veracruz,Mariano Escobedo,24426,13661,55.9281,9160,2947,1150,404,67.0522,21.5724,8.4181,45.4798
30102,30,Veracruz,Martinez de la Torre,83265,46291,55.5948,33819,8013,3504,955,73.0574,17.3101,7.5695,55.7473
30103,30,Veracruz,Mecatlan,8507,5013,58.9279,3035,1491,270,217,60.5426,29.7427,5.386,30.7999
30104,30,Veracruz,Mecayapan,14207,7997,56.2892,5839,1608,355,195,73.0149,20.1075,4.4392,52.9074
30105,30,Veracruz,Medellin de Bravo,63505,36369,57.2695,22852,9962,2946,609,62.8337,27.3915,8.1003,35.4422
30106,30,Veracruz,Miahuatlan,3649,2114,57.9337,1866,153,71,24,88.2687,7.2375,3.3586,81.0312
30107,30,Veracruz,Minas--Las,2484,1316,52.9791,629,573,62,52,47.7964,43.541,4.7112,4.2554
30108,30,Veracruz,Minatitlan,120641,74644,61.8728,59508,9149,4671,1316,79.7224,12.2568,6.2577,67.4656
30109,30,Veracruz,Misantla,48454,28587,58.9982,21256,4675,1958,698,74.3555,16.3536,6.8493,58.0019
30110,30,Veracruz,Mixtla de Altamirano,8393,4127,49.1719,1146,2632,137,212,27.7684,63.7751,3.3196,-36.0067
30111,30,Veracruz,Moloacan,12266,7464,60.8511,6026,988,316,134,80.7342,13.2369,4.2337,67.4973
30112,30,Veracruz,Naolinco,16982,10445,61.5063,6581,2582,1046,236,63.0062,24.72,10.0144,38.2862
30113,30,Veracruz,Naranjal,3579,2327,65.0182,1310,709,246,62,56.2957,30.4684,10.5716,25.8273
30114,30,Veracruz,Nautla,8089,5093,62.962,3820,963,208,102,75.0049,18.9083,4.084,56.0966
30115,30,Veracruz,Nogales,35356,22280,63.0162,16408,3157,2240,475,73.6445,14.1697,10.0539,59.4748
30116,30,Veracruz,Oluta,11941,6744,56.4777,5253,1053,326,112,77.8915,15.6139,4.8339,62.2776
30117,30,Veracruz,Omealca,16876,10121,59.9727,7264,1846,671,340,71.7716,18.2393,6.6298,53.5323
30118,30,Veracruz,Orizaba,106008,74712,70.4777,46897,19314,7196,1305,62.7704,25.8513,9.6317,36.9191
30119,30,Veracruz,Otatitlan,4190,2352,56.1337,1625,543,120,64,69.0901,23.0867,5.102,46.0034
30120,30,Veracruz,Oteapan,10326,5806,56.227,4791,627,304,84,82.5181,10.7992,5.236,71.7189
30121,30,Veracruz,Ozuluama de Mascareñas,15980,9355,58.5419,5827,2594,628,306,62.2875,27.7285,6.713,34.559
30122,30,Veracruz,Pajapan,13606,7605,55.8945,5569,1269,575,192,73.2281,16.6864,7.5608,56.5417
30123,30,Veracruz,Panuco,69053,40977,59.3414,29549,7851,2548,1029,72.1112,19.1595,6.2181,52.9517
30124,30,Veracruz,Papantla de Olarte,124155,74518,60.0201,49912,15205,7648,1753,66.9798,20.4045,10.2633,46.5753
30125,30,Veracruz,Paso del Macho,23711,14729,62.1188,10098,3225,985,421,68.5586,21.8956,6.6875,46.663
30126,30,Veracruz,Paso de Ovejas,24938,13790,55.2971,10234,2137,1140,279,74.2132,15.4967,8.2669,58.7165
30127,30,Veracruz,Perla--La,17118,8580,50.1227,3063,4430,732,355,35.6993,51.6317,8.5315,-15.9324
30128,30,Veracruz,Perote,55105,35004,63.5224,23069,8078,2980,877,65.9039,23.0774,8.5133,42.8265
30129,30,Veracruz,Platon Sanchez,12993,7634,58.7547,4802,2171,392,269,62.9028,28.4386,5.1349,34.4642
30130,30,Veracruz,Playa Vicente,29687,16376,55.1622,11873,3045,848,610,72.5024,18.5943,5.1783,53.9081
30131,30,Veracruz,Poza Rica de Hidalgo,147018,93480,63.5841,65603,17396,8944,1537,70.1786,18.6093,9.5678,51.5693
30132,30,Veracruz,Vigas de Ramirez--Las,14578,8934,61.2841,6458,1333,915,228,72.2857,14.9205,10.2418,57.3652
30133,30,Veracruz,Pueblo Viejo,37161,20374,54.8263,15616,2939,1380,439,76.6467,14.4252,6.7733,62.2215
30134,30,Veracruz,Puente Nacional,17339,10688,61.6414,8026,1659,795,208,75.0936,15.5221,7.4382,59.5715
30135,30,Veracruz,Rafael Delgado,16047,9784,60.9709,6597,1932,1047,208,67.4264,19.7465,10.7011,47.6799
30136,30,Veracruz,Rafael Lucio,6666,4350,65.2565,2942,936,388,84,67.6322,21.5172,8.9195,46.115
30137,30,Veracruz,Reyes--Los,4335,2618,60.3922,1205,1088,196,129,46.0275,41.5584,7.4866,4.4691
30138,30,Veracruz,Rio Blanco,34510,23035,66.7488,16272,4088,2290,385,70.6403,17.7469,9.9414,52.8934
30139,30,Veracruz,Saltabarranca,4875,2879,59.0564,2129,535,131,84,73.9493,18.5828,4.5502,55.3665
30140,30,Veracruz,San Andres Tenejapan,2210,1193,53.9819,586,375,202,30,49.1199,31.4334,16.9321,17.6865
30141,30,Veracruz,San Andres Tuxtla,124324,59149,47.5765,39437,12550,5059,2103,66.674,21.2176,8.553,45.4564
30142,30,Veracruz,San Juan Evangelista,24147,13799,57.1458,11580,1392,463,364,83.9191,10.0877,3.3553,73.8314
30143,30,Veracruz,Santiago Tuxtla,44500,26056,58.5528,18053,5258,1688,1057,69.2854,20.1796,6.4784,49.1058
30144,30,Veracruz,Sayula de Aleman,23125,13272,57.3924,11030,1326,597,319,83.1073,9.991,4.4982,73.1163
30145,30,Veracruz,Soconusco,10593,6061,57.217,5000,580,383,98,82.4946,9.5694,6.3191,72.9252
30146,30,Veracruz,Sochiapa,3075,1991,64.748,967,758,214,52,48.568600000000004,38.0713,10.7484,10.4973
30147,30,Veracruz,Soledad Atzompa,15855,9383,59.1801,4241,3992,676,474,45.1988,42.545,7.2045,2.6538
30148,30,Veracruz,Soledad de Doblado,22609,13238,58.5519,9167,2879,868,324,69.2476,21.748,6.5569,47.4996
30149,30,Veracruz,Soteapan,25956,14266,54.9622,8515,4275,806,670,59.6874,29.9664,5.6498,29.721
30150,30,Veracruz,Tamalin,8491,5467,64.3858,3695,1362,293,117,67.5873,24.9131,5.3594,42.6742
30151,30,Veracruz,Tamiahua,16871,10482,62.1303,7595,2092,495,300,72.4575,19.958,4.7224,52.4995
30152,30,Veracruz,Tampico Alto,8978,5221,58.1533,3856,1016,235,114,73.8556,19.4599,4.5011,54.3957
30153,30,Veracruz,Tancoco,4356,2841,65.2204,2231,291,248,71,78.5287,10.2429,8.7293,68.2858
30154,30,Veracruz,Tantima,8618,5530,64.168,3623,1453,309,145,65.5154,26.2749,5.5877,39.2405
30155,30,Veracruz,Tantoyuca,71378,45736,64.0758,22458,20385,1746,1147,49.1036,44.571,3.8176,4.5326
30156,30,Veracruz,Tatatila,4242,2468,58.1801,1579,582,232,75,63.9789,23.5818,9.4003,40.3971
30157,30,Veracruz,Castillo de Teayo,15025,9298,61.8835,6915,1564,549,270,74.3708,16.8208,5.9045,57.55
30158,30,Veracruz,Tecolutla,19298,13617,70.5617,9915,2465,901,336,72.8134,18.1024,6.6167,54.711
30159,30,Veracruz,Tehuipango,18752,10253,54.6768,3297,6045,319,592,32.1564,58.9584,3.1113,-26.802
30160,30,Veracruz,Alamo Temapache,80540,45269,56.2069,30937,8615,4339,1378,68.3404,19.0307,9.5849,49.3097
30161,30,Veracruz,Tempoal de Sanchez,25061,14597,58.2459,9628,3678,749,542,65.9588,25.197,5.1312,40.7618
30162,30,Veracruz,Tenampa,5293,3216,60.7595,2389,511,171,145,74.2848,15.8893,5.3172,58.3955
30163,30,Veracruz,Tenochtitlan,4237,2285,53.9297,1835,303,103,44,80.3063,13.2604,4.5077,67.0459
30164,30,Veracruz,Teocelo,12938,8002,61.8488,5841,1206,714,241,72.9943,15.0712,8.9228,57.9231
30165,30,Veracruz,Tepatlaxco,6915,4741,68.5611,2735,1614,282,110,57.6883,34.0435,5.9481,23.6448
30166,30,Veracruz,Tepetlan,7646,4404,57.5987,3093,737,440,134,70.2316,16.7348,9.9909,53.4968
30167,30,Veracruz,Tepetzintla,10581,6798,64.2472,4742,1399,499,158,69.7558,20.5796,7.3404,49.1762
30168,30,Veracruz,Tequila,11276,6850,60.7485,4014,2111,407,318,58.5985,30.8175,5.9416,27.781
30169,30,Veracruz,Jose Azueta,17679,9814,55.5122,7416,1595,489,314,75.5655,16.2523,4.9827,59.3132
30170,30,Veracruz,Texcatepec,7830,5302,67.7139,2437,2544,142,179,45.9638,47.9819,2.6782,-2.0181
30171,30,Veracruz,Texhuacan,4368,2453,56.1584,1456,685,182,130,59.3559,27.925,7.4195,31.4309
30172,30,Veracruz,Texistepec,14064,9099,64.6971,8023,660,266,150,88.1745,7.2535,2.9234,80.921
30173,30,Veracruz,Tezonapa,39194,21789,55.5927,15555,4156,1277,801,71.3892,19.0738,5.8608,52.3154
30174,30,Veracruz,Tierra Blanca,74586,40420,54.1925,26875,9202,3264,1079,66.4894,22.766,8.0752,43.7234
30175,30,Veracruz,Tihuatlan,68243,39405,57.7422,29116,6190,2977,1122,73.8891,15.7087,7.5549,58.1804
30176,30,Veracruz,Tlacojalpan,3520,1996,56.7045,1614,259,86,37,80.8617,12.976,4.3086,67.8857
30177,30,Veracruz,Tlacolulan,8627,5242,60.7627,3068,1518,528,128,58.5273,28.9584,10.0725,29.5689
30178,30,Veracruz,Tlacotalpan,10114,6433,63.6049,4049,1505,629,250,62.9411,23.395,9.7777,39.5461
30179,30,Veracruz,Tlacotepec de Mejia,3445,2172,63.0479,1364,636,130,42,62.7993,29.2818,5.9853,33.5175
30180,30,Veracruz,Tlachichilco,8268,4998,60.4499,2993,1564,237,204,59.884,31.2925,4.7419,28.5915
30181,30,Veracruz,Tlalixcoyan,28373,16910,59.5989,10939,4397,1010,564,64.6895,26.0024,5.9728,38.6871
30182,30,Veracruz,Tlalnelhuayocan,14926,8663,58.0397,5142,2186,1069,266,59.3559,25.2338,12.3398,34.1221
30183,30,Veracruz,Tlapacoyan,45160,22984,50.8946,16807,3458,2065,654,73.1248,15.0452,8.9845,58.0796
30184,30,Veracruz,Tlaquilpa,14281,9656,67.6143,6282,2795,332,247,65.058,28.9457,3.4383,36.1123
30185,30,Veracruz,Tlilapan,4278,842,19.6821,480,272,63,27,57.0071,32.304,7.4822,24.7031
30186,30,Veracruz,Tomatlan,5616,3557,63.3369,2431,594,441,91,68.3441,16.6995,12.3981,51.6446
30187,30,Veracruz,Tonayan,4493,2235,49.744,1537,493,164,41,68.7696,22.0582,7.3378,46.7114
30188,30,Veracruz,Totutla,13295,8336,62.7003,4809,2325,896,306,57.6895,27.8911,10.7486,29.7984
30189,30,Veracruz,Tuxpam de Rodriguez Cano,116497,66359,56.962,44011,13732,7281,1335,66.3226,20.6935,10.9721,45.6291
30190,30,Veracruz,Tuxtilla,1945,1506,77.4293,1180,241,52,33,78.3533,16.0027,3.4529,62.3506
30191,30,Veracruz,Ursulo Galvan,24317,14982,61.6112,11519,2016,1196,251,76.8856,13.4561,7.9829,63.4295
30192,30,Veracruz,Vega de Alatorre,15198,9695,63.7913,7469,1495,542,189,77.0397,15.4203,5.5905,61.6194
30193,30,Veracruz,Veracruz,485497,294251,60.6082,168012,93963,27487,4789,57.0982,31.9329,9.3413,25.1653
30194,30,Veracruz,Villa Aldama,9010,5445,60.4329,4013,838,460,134,73.7006,15.3903,8.4481,58.3103
30195,30,Veracruz,Xoxocotla,4203,2617,62.265,1939,489,99,90,74.0925,18.6855,3.783,55.407
30196,30,Veracruz,Yanga,13899,8343,60.0259,5920,1526,693,204,70.9577,18.2908,8.3064,52.6669
30197,30,Veracruz,Yecuatla,8401,5181,61.6712,4277,529,226,149,82.5516,10.2104,4.3621,72.3412
30198,30,Veracruz,Zacualpan,4875,3262,66.9128,2178,758,185,141,66.7689,23.2373,5.6714,43.5316
30199,30,Veracruz,Zaragoza,8640,5138,59.4676,4138,622,133,245,80.5372,12.1059,2.5886,68.4313
30200,30,Veracruz,Zentla,10079,6045,59.9762,3087,2103,643,212,51.067,34.7891,10.6369,16.2779
30201,30,Veracruz,Zongolica,34152,18195,53.2765,10165,5579,1416,1035,55.867,30.6623,7.7824,25.2047
30202,30,Veracruz,Zontecomatlan de Lopez y Fuentes,9921,5756,58.0183,3359,1706,337,354,58.3565,29.6386,5.8548,28.7179
30203,30,Veracruz,Zozocolco de Hidalgo,9795,6033,61.5926,3767,1837,272,157,62.4399,30.4492,4.5085,31.9907
30204,30,Veracruz,Agua Dulce,32297,19791,61.2781,17028,1551,853,359,86.0391,7.8369,4.31,78.2022
30205,30,Veracruz,Higo--El,14737,9963,67.6053,7504,1796,452,211,75.3187,18.0267,4.5368,57.292
30206,30,Veracruz,Nanchital de Lazaro Cardenas del Rio,21745,14346,65.9738,11488,1764,902,192,80.0781,12.2961,6.2875,67.782
30207,30,Veracruz,Tres Valles,31893,18278,57.3104,13114,3528,1157,479,71.7475,19.3019,6.33,52.4456
30208,30,Veracruz,Carlos A. Carrillo,16516,9320,56.4301,7575,1079,436,230,81.2768,11.5773,4.6781,69.6995
30209,30,Veracruz,Tatahuicapan de Juarez,11985,6686,55.7864,4145,1932,321,288,61.9952,28.8962,4.8011,33.099
30210,30,Veracruz,Uxpanapa,20857,12591,60.3682,10360,1386,503,342,82.281,11.0079,3.9949,71.2731
30211,30,Veracruz,San Rafael,24096,14828,61.5372,10579,3234,711,304,71.3448,21.8101,4.795,49.5347
30212,30,Veracruz,Santiago Sochiapa,9239,5095,55.1467,4022,740,154,179,78.9401,14.524,3.0226,64.4161
31001,31,Yucatán,Abala,5248,4705,89.6532,2776,1595,225,109,59.0011,33.9001,4.7821,25.101
31002,31,Yucatán,Acanceh,12757,10634,83.3582,7407,1376,1515,336,69.6539,12.9396,14.2468,55.4071
31003,31,Yucatán,Akil,8704,6781,77.9067,4965,1460,221,135,73.2193,21.5307,3.2591,51.6886
31004,31,Yucatán,Baca,4854,4278,88.1335,2907,651,637,83,67.9523,15.2174,14.8901,52.7349
31005,31,Yucatán,Bokoba,2042,1901,93.095,1223,579,81,18,64.3346,30.4577,4.2609,33.8769
31006,31,Yucatán,Buctzotz,7431,6297,84.7396,3884,2111,226,76,61.6802,33.5239,3.589,28.1563
31007,31,Yucatán,Cacalchen,6028,4941,81.9675,3303,1381,176,81,66.8488,27.9498,3.562,38.899
31008,31,Yucatán,Calotmul,3613,2596,71.8516,1409,1056,60,71,54.2758,40.678,2.3112,13.5978
31009,31,Yucatán,Cansahcab,3866,3267,84.5059,2402,652,155,58,73.5231,19.9571,4.7444,53.566
31010,31,Yucatán,Cantamayec,1973,1549,78.5099,1013,423,83,30,65.397,27.3079,5.3583,38.0891
31011,31,Yucatán,Celestun,6391,5449,85.2605,4114,989,220,126,75.5001,18.1501,4.0374,57.35
31012,31,Yucatán,Cenotillo,3263,2643,80.9991,1589,948,86,20,60.1211,35.8683,3.2539,24.2528
31013,31,Yucatán,Conkal,13232,10154,76.7382,4133,5231,592,198,40.7032,51.5166,5.8302,-10.8134
31014,31,Yucatán,Cuncunul,1459,1347,92.3235,954,337,37,19,70.8241,25.0186,2.7468,45.8055
31015,31,Yucatán,Cuzama,4144,3479,83.9527,2393,750,237,99,68.7841,21.5579,6.8123,47.2262
31016,31,Yucatán,Chacsinkin,2455,2234,90.998,1004,1149,51,30,44.9418,51.4324,2.2829,-6.4906
31017,31,Yucatán,Chankom,3898,3669,94.1252,1635,1938,29,67,44.5626,52.8209,0.7904,-8.2583
31018,31,Yucatán,Chapab,3221,2824,87.6746,1891,809,76,48,66.9618,28.6473,2.6912,38.3145
31019,31,Yucatán,Chemax,26267,21328,81.1969,10816,9600,626,286,50.7127,45.0113,2.9351,5.7014
31020,31,Yucatán,Chicxulub Pueblo,3813,3325,87.2017,1938,1117,212,58,58.2857,33.594,6.3759,24.6917
31021,31,Yucatán,Chichimila,6990,5172,73.9914,3009,1940,126,97,58.1787,37.5097,2.4362,20.669
31022,31,Yucatán,Chikindzonot,3457,3252,94.07,1954,1246,26,26,60.0861,38.3149,0.7995,21.7712
31023,31,Yucatán,Chochola,3867,3386,87.5614,2042,1006,261,77,60.3071,29.7106,7.7082,30.5965
31024,31,Yucatán,Chumayel,2776,2417,87.0677,2060,273,58,26,85.2296,11.295,2.3997,73.9346
31025,31,Yucatán,Dzan,4534,3900,86.0168,2306,1352,158,84,59.1282,34.6667,4.0513,24.4615
31026,31,Yucatán,Dzemul,3354,3042,90.6977,1646,449,874,73,54.1091,14.76,28.7311,25.378
31027,31,Yucatán,Dzidzantun,6832,5595,81.894,4134,1055,324,82,73.8874,18.8561,5.7909,55.0313
31028,31,Yucatán,Dzilam de Bravo,2404,2091,86.98,1312,436,265,78,62.7451,20.8513,12.673400000000001,41.8938
31029,31,Yucatán,Dzilam Gonzalez,5278,4718,89.3899,3094,1208,277,139,65.5786,25.6041,5.8711,39.9745
31030,31,Yucatán,Dzitas,3137,1826,58.2085,1110,638,50,28,60.7886,34.9398,2.7382,25.8488
31031,31,Yucatán,Dzoncauich,3007,2746,91.3203,1591,1029,102,24,57.9388,37.4727,3.7145,20.4661
31032,31,Yucatán,Espita,12156,9372,77.0977,6759,2260,203,150,72.1191,24.1144,2.166,48.0047
31033,31,Yucatán,Halacho,16044,13129,81.8312,8839,2562,1409,319,67.3242,19.5141,10.732,47.8101
31034,31,Yucatán,Hocaba,4984,4244,85.1525,2826,1176,171,71,66.5881,27.7097,4.0292,38.8784
31035,31,Yucatán,Hoctun,5132,4374,85.2299,2943,1171,162,98,67.284,26.7718,3.7037,40.5122
31036,31,Yucatán,Homun,6470,5668,87.6043,3795,1411,307,155,66.9548,24.8941,5.4164,42.0607
31037,31,Yucatán,Huhi,4346,3689,84.8827,2405,1021,198,65,65.1938,27.6769,5.3673,37.5169
31038,31,Yucatán,Hunucma,26413,19041,72.0895,13601,3698,1247,495,71.4301,19.4212,6.549,52.0089
31039,31,Yucatán,Ixil,3400,2967,87.2647,1811,798,310,48,61.0381,26.8959,10.4483,34.1422
31040,31,Yucatán,Izamal,21687,18201,83.9259,12170,4990,635,406,66.8645,27.4161,3.4888,39.4484
31041,31,Yucatán,Kanasin,87400,49505,56.6419,34483,10242,3418,1362,69.6556,20.6888,6.9044,48.9668
31042,31,Yucatán,Kantunil,4223,3522,83.4004,2442,887,120,73,69.3356,25.1846,3.4072,44.151
31043,31,Yucatán,Kaua,2586,2406,93.0394,1435,902,55,14,59.6426,37.4896,2.286,22.153
31044,31,Yucatán,Kinchil,5527,4891,88.4929,3831,752,197,111,78.3275,15.3752,4.0278,62.9523
31045,31,Yucatán,Kopoma,2163,1832,84.6972,1286,426,89,31,70.1965,23.2533,4.8581,46.9432
31046,31,Yucatán,Mama,2627,2341,89.1131,1303,915,59,64,55.66,39.0859,2.5203,16.5741
31047,31,Yucatán,Mani,4534,3770,83.1495,2250,1265,169,86,59.6817,33.5544,4.4828,26.1273
31048,31,Yucatán,Maxcanu,18241,14271,78.2358,11465,1938,611,257,80.3377,13.58,4.2814,66.7577
31049,31,Yucatán,Mayapan,2992,2729,91.2099,1292,1328,78,31,47.3433,48.6625,2.8582,-1.3192
31050,31,Yucatán,Merida,782893,529428,67.6246,274770,199834,44740,10084,51.8994,37.7453,8.4506,14.1541
31051,31,Yucatán,Mococha,2960,2708,91.4865,1460,949,200,99,53.9143,35.0443,7.3855,18.87
31052,31,Yucatán,Motul,28192,21125,74.9326,14796,4227,1608,494,70.0402,20.0095,7.6118,50.0307
31053,31,Yucatán,Muna,10528,8252,78.3815,5953,1523,486,290,72.1401,18.4561,5.8895,53.684
31054,31,Yucatán,Muxupip,2519,2255,89.5197,1710,423,92,30,75.8315,18.7583,4.0798,57.0732
31055,31,Yucatán,Opichen,5416,4600,84.9335,2834,1578,138,50,61.6087,34.3043,3,27.3044
31056,31,Yucatán,Oxkutzcab,24194,16936,70.0008,11082,4572,803,479,65.4346,26.9957,4.7414,38.4389
31057,31,Yucatán,Panaba,6083,5275,86.7171,2928,2037,221,89,55.5071,38.6161,4.1896,16.891
31058,31,Yucatán,Peto,18070,13569,75.0913,9689,2371,1239,270,71.4054,17.4737,9.1311,53.9317
31059,31,Yucatán,Progreso,49344,33378,67.6435,21510,8846,2282,740,64.4436,26.5025,6.8368,37.9411
31060,31,Yucatán,Quintana Roo,966,879,90.9938,704,141,17,17,80.091,16.041,1.934,64.05
31061,31,Yucatán,Rio Lagartos,3031,2706,89.2775,1814,731,107,54,67.0362,27.014,3.9542,40.0222
31062,31,Yucatán,Sacalum,3968,3417,86.1139,2300,436,565,116,67.3105,12.7597,16.535,50.7755
31063,31,Yucatán,Samahil,4425,3966,89.6271,3175,485,226,80,80.0555,12.2289,5.6984,67.8266
31064,31,Yucatán,Sanahcat,1482,1399,94.3995,791,379,184,45,56.5404,27.0908,13.1523,29.4496
31065,31,Yucatán,San Felipe,1946,1734,89.1059,851,798,59,26,49.0773,46.0208,3.4025,3.0565
31066,31,Yucatán,Santa Elena,3294,2617,79.4475,1760,728,86,43,67.2526,27.8181,3.2862,39.4345
31067,31,Yucatán,Seye,8041,6708,83.4225,4427,1666,447,168,65.9958,24.836,6.6637,41.1598
31068,31,Yucatán,Sinanche,2750,2478,90.1091,1473,694,272,39,59.4431,28.0065,10.9766,31.4366
31069,31,Yucatán,Sotuta,6738,5290,78.5099,4642,401,167,80,87.7505,7.5803,3.1569,80.1702
31070,31,Yucatán,Sucila,3150,2736,86.8571,1495,1006,135,100,54.6418,36.769,4.9342,17.8728
31071,31,Yucatán,Sudzal,1657,1510,91.1285,1011,430,40,29,66.9536,28.4768,2.649,38.4768
31072,31,Yucatán,Suma,1710,1453,84.9708,1052,126,236,39,72.4019,8.6717,16.2423,56.1596
31073,31,Yucatán,Tahdziu,3631,3242,89.2867,1597,1415,75,155,49.2597,43.6459,2.3134,5.6138
31074,31,Yucatán,Tahmek,3215,2907,90.4199,2035,739,106,27,70.0034,25.4214,3.6464,44.582
31075,31,Yucatán,Teabo,5147,3855,74.898,2611,1028,131,85,67.7302,26.6667,3.3982,41.0635
31076,31,Yucatán,Tecoh,13368,10750,80.4159,6450,3390,527,383,60,31.5349,4.9023,28.4651
31077,31,Yucatán,Tekal de Venegas,2357,2058,87.3144,1201,801,36,20,58.3576,38.9213,1.7493,19.4363
31078,31,Yucatán,Tekanto,3249,2931,90.2124,1991,774,133,33,67.929,26.4074,4.5377,41.5216
31079,31,Yucatán,Tekax,32682,23525,71.9815,16879,5302,774,570,71.7492,22.5377,3.2901,49.2115
31080,31,Yucatán,Tekit,8485,7500,88.3913,3999,3224,189,88,53.32,42.9867,2.52,10.3333
31081,31,Yucatán,Tekom,2757,2433,88.2481,1451,852,83,47,59.6383,35.0185,3.4114,24.6198
31082,31,Yucatán,Telchac Pueblo,3088,2691,87.1438,1702,775,168,46,63.2479,28.7997,6.243,34.4482
31083,31,Yucatán,Telchac Puerto,2310,2063,89.3074,1245,646,132,40,60.349,31.3136,6.3984,29.0354
31084,31,Yucatán,Temax,5575,4893,87.7668,3194,1409,212,78,65.2769,28.7962,4.3327,36.4807
31085,31,Yucatán,Temozon,12519,10995,87.8265,7437,2888,527,143,67.6398,26.2665,4.7931,41.3733
31086,31,Yucatán,Tepakan,1996,1815,90.9319,1214,490,63,48,66.8871,26.9972,3.4711,39.8899
31087,31,Yucatán,Tetiz,4082,3458,84.7134,2422,880,96,60,70.0405,25.4482,2.7762,44.5923
31088,31,Yucatán,Teya,1749,1481,84.677,1002,195,254,30,67.657,13.1668,17.1506,50.5064
31089,31,Yucatán,Ticul,30392,23274,76.5794,17472,4155,1160,487,75.0709,17.8525,4.9841,57.2184
31090,31,Yucatán,Timucuy,5819,5290,90.9091,2332,2639,217,102,44.0832,49.8866,4.1021,-5.8034
31091,31,Yucatán,Tinum,9431,8782,93.1184,6688,1665,295,134,76.1558,18.9592,3.3591,57.1966
31092,31,Yucatán,Tixcacalcupul,5470,4858,88.8117,3303,1413,72,70,67.9909,29.086,1.4821,38.9049
31093,31,Yucatán,Tixkokob,14534,11684,80.3908,8694,1775,992,223,74.4094,15.1917,8.4902,59.2177
31094,31,Yucatán,Tixmehuac,4201,3837,91.3354,1671,2099,35,32,43.5496,54.7042,0.9122,-11.1546
31095,31,Yucatán,Tixpehual,4661,3968,85.1319,2799,759,341,69,70.5393,19.128,8.5938,51.4113
31096,31,Yucatán,Tizimin,59536,42927,72.1026,29128,11250,1563,986,67.8547,26.2073,3.6411,41.6474
31097,31,Yucatán,Tunkas,3108,2646,85.1351,1832,636,107,71,69.2366,24.0363,4.0438,45.2003
31098,31,Yucatán,Tzucacab,11174,8989,80.4457,7651,953,261,124,85.1151,10.6018,2.9035,74.5133
31099,31,Yucatán,Uayma,3268,3091,94.5838,1879,1101,85,26,60.7894,35.6195,2.7499,25.1699
31100,31,Yucatán,Ucu,3237,2682,82.8545,1748,579,246,109,65.1752,21.5884,9.1723,43.5868
31101,31,Yucatán,Uman,49785,33101,66.4879,22456,5331,4438,876,67.8409,16.1053,13.4074,51.7356
31102,31,Yucatán,Valladolid,61371,43157,70.3215,31492,8584,2146,935,72.9708,19.8902,4.9725,53.0806
31103,31,Yucatán,Xocchel,2719,2419,88.9665,1666,627,103,23,68.8714,25.9198,4.258,42.9516
31104,31,Yucatán,Yaxcaba,11690,9503,81.2917,5636,3438,197,232,59.3076,36.178,2.073,23.1296
31105,31,Yucatán,Yaxkukul,2780,2416,86.9065,1760,348,225,83,72.8477,14.404,9.3129,58.4437
31106,31,Yucatán,Yobain,2146,1999,93.15,1370,493,99,37,68.5343,24.6623,4.9525,43.872
32001,32,Zacatecas,Apozol,6057,3460,57.124,1934,1095,348,83,55.896,31.6474,10.0578,24.2486
32002,32,Zacatecas,Apulco,4204,2299,54.686,1548,318,310,123,67.3336,13.8321,13.4841,53.5015
32003,32,Zacatecas,Atolinga,2539,1465,57.6999,702,501,179,83,47.9181,34.198,12.2184,13.7201
32004,32,Zacatecas,Benito Juarez,3827,2506,65.4821,1089,1041,292,84,43.4557,41.5403,11.652,1.9154
32005,32,Zacatecas,Calera,32376,19629,60.6282,9059,5873,4109,588,46.1511,29.92,20.9333,16.2311
32006,32,Zacatecas,Cañitas de Felipe Pescador,6296,4536,72.0457,2868,909,629,130,63.2275,20.0397,13.8668,43.1878
32007,32,Zacatecas,Concepcion del Oro,9795,7589,77.4783,4564,1949,875,201,60.1397,25.6819,11.5298,34.4578
32008,32,Zacatecas,Cuauhtemoc,9562,6494,67.9147,3671,1762,887,174,56.5291,27.1327,13.6588,29.3964
32009,32,Zacatecas,Chalchihuites,8553,5532,64.6791,2323,2544,524,141,41.992,45.987,9.4722,-3.995
32010,32,Zacatecas,Fresnillo,174786,98434,56.3169,46688,32091,17045,2610,47.4308,32.6015,17.3162,14.8293
32011,32,Zacatecas,Trinidad Garcia de la Cadena,3154,1848,58.5923,897,587,292,72,48.539,31.7641,15.8009,16.7749
32012,32,Zacatecas,Genaro Codina,6381,4226,66.2279,2200,760,1106,160,52.0587,17.9839,26.1713,25.8874
32013,32,Zacatecas,General Enrique Estrada,5183,3733,72.0239,1648,1055,915,115,44.1468,28.2615,24.5111,15.8853
32014,32,Zacatecas,General Francisco R. Murguia,18546,11202,60.4012,5898,3752,1258,294,52.6513,33.494,11.2301,19.1573
32015,32,Zacatecas,Plateado de Joaquin Amaro--El,1848,1113,60.2273,699,240,135,39,62.8032,21.5633,12.1294,41.2399
32016,32,Zacatecas,General Panfilo Natera,18315,10891,59.4649,8025,1252,1250,364,73.6847,11.4957,11.4774,62.189
32017,32,Zacatecas,Guadalupe,148392,90728,61.1408,42123,27098,19482,2025,46.4278,29.8673,21.473,16.5605
32018,32,Zacatecas,Huanusco,4357,2345,53.8214,1091,1002,198,54,46.5245,42.7292,8.4435,3.7953
32019,32,Zacatecas,Jalpa,22920,12439,54.2714,6029,4038,2015,357,48.4685,32.4624,16.1991,16.0061
32020,32,Zacatecas,Jerez,57521,31146,54.1472,11666,12574,5998,908,37.4559,40.3712,19.2577,-2.9153
32021,32,Zacatecas,Jimenez del Teul,3347,2312,69.0768,1233,801,202,76,53.3304,34.6453,8.737,18.6851
32022,32,Zacatecas,Juan Aldama,17140,10118,59.0315,5384,2977,1465,292,53.2121,29.4228,14.4791,23.7893
32023,32,Zacatecas,Juchipila,12390,7092,57.2397,3638,2450,850,154,51.2972,34.546,11.9853,16.7512
32024,32,Zacatecas,Loreto,36085,21138,58.5784,13239,2938,4397,564,62.6313,13.8991,20.8014,41.8299
32025,32,Zacatecas,Luis Moya,9816,6393,65.1284,3884,966,1340,203,60.7539,15.1103,20.9604,39.7935
32026,32,Zacatecas,Mazapil,14645,10446,71.3281,7484,1425,1054,483,71.6446,13.6416,10.09,58.003
32027,32,Zacatecas,Melchor Ocampo,2345,1743,74.3284,1068,276,303,96,61.2737,15.8348,17.3838,43.8899
32028,32,Zacatecas,Mezquital del Oro,2598,1883,72.4788,1300,412,120,51,69.0388,21.88,6.3728,47.1588
32029,32,Zacatecas,Miguel Auza,18376,9644,52.4815,4918,1672,2785,269,50.9954,17.3372,28.8781,22.1173
32030,32,Zacatecas,Momax,2619,1588,60.6338,673,632,238,45,42.3804,39.7985,14.9874,2.5819
32031,32,Zacatecas,Monte Escobedo,7952,4424,55.6338,1615,2022,639,148,36.5054,45.7052,14.4439,-9.1998
32032,32,Zacatecas,Morelos,10102,7266,71.9264,3260,1874,1932,200,44.8665,25.7914,26.5896,18.2769
32033,32,Zacatecas,Moyahua de Estrada,4942,2451,49.5953,1238,667,468,78,50.51,27.2134,19.0942,23.2966
32034,32,Zacatecas,Nochistlan de Mejia,26798,14515,54.1645,7040,2944,3982,549,48.5016,20.2825,27.4337,21.0679
32035,32,Zacatecas,Noria de Angeles,12255,8066,65.818,5152,1849,893,172,63.873,22.9234,11.0712,40.9496
32036,32,Zacatecas,Ojocaliente,32065,19056,59.4293,9230,5775,3367,684,48.4362,30.3054,17.669,18.1308
32037,32,Zacatecas,Panuco,13123,8670,66.0672,4345,2212,1786,327,50.1153,25.5133,20.5998,24.602
32038,32,Zacatecas,Pinos,52639,33954,64.5035,18956,11708,2251,1039,55.8285,34.4819,6.6296,21.3466
32039,32,Zacatecas,Rio Grande,53320,30355,56.9299,17042,8029,4161,1123,56.1423,26.4503,13.7078,29.692
32040,32,Zacatecas,Sain Alto,17593,10557,60.0068,4455,4619,1162,321,42.1995,43.753,11.0069,-1.5535
32041,32,Zacatecas,Salvador--El,1924,1340,69.6466,925,311,66,38,69.0299,23.209,4.9254,45.8209
32042,32,Zacatecas,Sombrerete,49788,28100,56.4393,14175,9295,3754,876,50.4448,33.0783,13.3594,17.3665
32043,32,Zacatecas,Susticacan,1486,894,60.1615,431,196,229,38,48.2103,21.9239,25.6152,22.5951
32044,32,Zacatecas,Tabasco,14157,8669,61.2347,4171,2362,1856,280,48.114,27.2465,21.4096,20.8675
32045,32,Zacatecas,Tepechitlan,7457,4627,62.0491,2362,1464,639,162,51.0482,31.6404,13.8102,19.4078
32046,32,Zacatecas,Tepetongo,6501,3747,57.6373,1761,1495,361,130,46.9976,39.8986,9.6344,7.099
32047,32,Zacatecas,Teul de Gonzalez Ortega,4713,3151,66.8576,1695,892,482,82,53.7924,28.3085,15.2967,25.4839
32048,32,Zacatecas,Tlaltenango de Sanchez Roman,22162,13929,62.8508,7749,3792,1988,400,55.6321,27.2238,14.2724,28.4083
32049,32,Zacatecas,Valparaiso,28570,17132,59.965,8997,5863,1821,451,52.5158,34.2225,10.6292,18.2933
32050,32,Zacatecas,Vetagrande,8541,6155,72.0642,3729,1123,1116,187,60.5849,18.2453,18.1316,42.3396
32051,32,Zacatecas,Villa de Cos,26112,17352,66.4522,7709,6545,2605,493,44.4272,37.719,15.0127,6.7082
32052,32,Zacatecas,Villa Garcia,13000,9302,71.5538,4908,1905,2217,272,52.7628,20.4795,23.8336,28.9292
32053,32,Zacatecas,Villa Gonzalez Ortega,10487,6313,60.1983,3976,1042,1056,239,62.9812,16.5056,16.7274,46.2538
32054,32,Zacatecas,Villa Hidalgo,14181,9987,70.4252,5796,3323,638,230,58.0354,33.2733,6.3883,24.7621
32055,32,Zacatecas,Villanueva,27996,16889,60.3265,8588,5866,1974,461,50.8497,34.7327,11.6881,16.117
32056,32,Zacatecas,Zacatecas,117037,77006,65.7963,33707,25709,15876,1714,43.7719,33.3857,20.6166,10.3862
32057,32,Zacatecas,Trancoso,14636,9593,65.5439,5497,1983,1864,249,57.3022,20.6713,19.4308,36.6309
32058,32,Zacatecas,Santa Maria de la Paz,2560,1628,63.5938,595,463,508,62,36.5479,28.4398,31.2039,5.344
